latitude,longitude,address,driving_time_to_campus,walking_time_to_campus,bicycling_time_to_campus,transit_time_to_campus,driving_time_cluster,walking_time_cluster,bicycling_time_cluster,transit_time_cluster
40.05999999999999,-123.79999999999964,"356X+2X Benbow, CA, USA",87,2220,678,206,2,0,0,0
40.05999999999999,-123.78999999999964,"3666+22 Benbow, CA, USA",91,2220,679,204,2,0,0,0
40.05999999999999,-123.77999999999965,"3669+2X Benbow, CA, USA",82,2220,675,190,2,0,0,0
40.05999999999999,-123.76999999999964,"366J+22 Benbow, CA, USA",87,2220,680,210,2,0,0,0
40.06999999999999,-123.80999999999965,"359R+X2 Garberville, CA, USA",87,2220,680,581,2,0,0,0
40.06999999999999,-123.79999999999964,"359X+XX Benbow, CA, USA",86,2220,677,199,2,0,0,0
40.06999999999999,-123.78999999999964,"150 Mountain View Dr, Garberville, CA 95542, USA",82,2220,676,190,2,0,0,0
40.06999999999999,-123.77999999999965,"165 Mosswood Ln, Garberville, CA 95542, USA",84,2220,676,195,2,0,0,0
40.06999999999999,-123.76999999999964,"910 E Branch Rd, Garberville, CA 95542, USA",86,2160,663,214,2,0,0,0
40.079999999999984,-123.79999999999964,"35HX+XX Benbow, CA, USA",85,2220,684,212,2,0,0,0
40.079999999999984,-123.78999999999964,"US-101, Garberville, CA 95542, USA",77,2160,659,135,2,0,0,1
40.079999999999984,-123.77999999999965,"36H9+XX Benbow, CA, USA",83,2220,673,193,2,0,0,0
40.079999999999984,-123.76999999999964,"36HJ+X2 Benbow, CA, USA",108,2160,655,511,2,0,0,0
40.08999999999998,-123.80999999999965,"101 Old Briceland Rd, Garberville, CA 95542, USA",84,2220,675,176,2,0,0,0
40.08999999999998,-123.79999999999964,"35RX+2X Garberville, CA, USA",82,2220,670,154,2,0,0,1
40.08999999999998,-123.78999999999964,"36R6+22 Garberville, CA, USA",78,2160,668,146,2,0,0,1
40.08999999999998,-123.77999999999965,"36R9+2X Benbow, CA, USA",78,2160,654,316,2,0,0,0
40.09999999999998,-123.80999999999965,"35XR+X2 Garberville, CA, USA",89,2220,684,201,2,0,0,0
40.09999999999998,-123.79999999999964,"860 Sunnybank Ln, Garberville, CA 95542, USA",81,2160,662,131,2,0,0,1
40.09999999999998,-123.78999999999964,"800 Maple Ln, Garberville, CA 95542, USA",81,2160,661,134,2,0,0,1
40.09999999999998,-123.77999999999965,"36X9+XX Garberville, CA, USA",82,2160,654,176,2,0,0,0
40.10999999999998,-123.83999999999966,"4566+22 Redway, CA, USA",91,2340,704,268,2,0,0,0
40.10999999999998,-123.82999999999966,"4569+2X Redway, CA, USA",81,2220,671,177,2,0,0,0
40.10999999999998,-123.81999999999964,"456H+2X Redway, CA, USA",81,2220,669,185,2,0,0,0
40.10999999999998,-123.80999999999965,"994 Bear Canyon Rd, Garberville, CA 95542, USA",85,2220,669,182,2,0,0,0
40.10999999999998,-123.79999999999964,"456X+2X Garberville, CA, USA",82,2160,665,169,2,0,0,0
40.10999999999998,-123.78999999999964,"356 Arthur Rd, Garberville, CA 95542, USA",81,2160,651,160,2,0,0,1
40.10999999999998,-123.77999999999965,"277 Wallan Rd, Garberville, CA 95542, USA",80,2160,647,163,2,0,0,0
40.119999999999976,-123.83999999999966,"45C6+22 Redway, CA, USA",80,2220,678,188,2,0,0,0
40.119999999999976,-123.82999999999966,"121 Redway Dr, Redway, CA 95560, USA",79,2220,670,168,2,0,0,0
40.119999999999976,-123.81999999999964,"155 Murrish Rd, Redway, CA 95560, USA",79,2220,667,162,2,0,0,0
40.119999999999976,-123.80999999999965,"308 West Coast Dr, Redway, CA 95560, USA",81,2160,667,179,2,0,0,0
40.12999999999997,-123.83999999999966,"45H6+X2 Redway, CA, USA",83,2220,685,203,2,0,0,0
40.12999999999997,-123.82999999999966,"45H9+XX Redway, CA, USA",86,2280,691,216,2,0,0,0
40.12999999999997,-123.81999999999964,"45HH+XX Redway, CA, USA",76,2220,674,173,2,0,0,0
40.12999999999997,-123.80999999999965,"45HR+X2 Redway, CA, USA",80,2220,684,169,2,0,0,0
40.12999999999997,-123.79999999999964,"45HX+XX Redway, CA, USA",75,2160,657,254,2,0,0,0
40.13999999999997,-123.82999999999966,"45Q9+XX Redway, CA, USA",79,2280,685,182,2,0,0,0
40.13999999999997,-123.81999999999964,"45QH+XX Redway, CA, USA",77,2220,683,171,2,0,0,0
40.13999999999997,-123.80999999999965,"Redwood Dr & Dean Creek Rd - SB Stop (Resort), California 95542, USA",76,2220,681,154,2,0,0,1
40.13999999999997,-123.79999999999964,"45QX+XX Redway, CA, USA",82,2280,695,196,2,0,0,0
40.13999999999997,-123.78999999999964,"46Q6+X2 Redway, CA, USA",81,2280,694,192,2,0,0,0
40.14999999999997,-123.82999999999966,"5529+2X Redway, CA, USA",82,2280,694,203,2,0,0,0
40.14999999999997,-123.81999999999964,"552H+2X Redway, CA, USA",78,2280,686,176,2,0,0,0
40.14999999999997,-123.80999999999965,"552R+22 Redway, CA, USA",79,2280,688,184,2,0,0,0
40.14999999999997,-123.79999999999964,"552X+2X Redway, CA, USA",76,2280,689,179,2,0,0,0
40.19999999999996,-123.79999999999964,"55XX+XX Phillipsville, CA, USA",75,2040,624,157,2,0,0,1
40.19999999999996,-123.78999999999964,"56X6+X2 Phillipsville, CA, USA",75,2040,624,157,2,0,0,1
40.19999999999996,-123.77999999999965,"56X9+XX Phillipsville, CA, USA",74,2040,626,169,2,0,0,0
40.19999999999996,-123.76999999999964,"56XJ+X2 Phillipsville, CA, USA",75,2040,630,179,2,0,0,0
40.20999999999996,-123.82999999999966,"6569+2X Miranda, CA, USA",71,2100,593,197,2,0,0,0
40.20999999999996,-123.81999999999964,"656H+2X Miranda, CA, USA",72,2100,591,183,2,0,0,0
40.20999999999996,-123.80999999999965,"656R+22 Miranda, CA, USA",74,2100,595,192,2,0,0,0
40.20999999999996,-123.79999999999964,"656X+2X Phillipsville, CA, USA",75,2040,623,153,2,0,0,1
40.20999999999996,-123.78999999999964,"275 Phillipsville Rd, Phillipsville, CA 95559, USA",73,2040,624,154,2,0,0,1
40.20999999999996,-123.77999999999965,"6669+2X Phillipsville, CA, USA",75,2040,629,164,2,0,0,0
40.20999999999996,-123.76999999999964,"666J+22 Phillipsville, CA, USA",76,2040,633,176,2,0,0,0
40.21999999999996,-123.86999999999968,"1131 Thomas St, Eureka, CA 95503, USA",18,241,59,45,1,1,1,1
40.21999999999996,-123.82999999999966,"6599+XX Miranda, CA, USA",72,2100,593,198,2,0,0,0
40.21999999999996,-123.81999999999964,"659H+XX Miranda, CA, USA",67,2040,582,157,2,0,0,1
40.21999999999996,-123.80999999999965,"5159 CA-254, Miranda, CA 95553, USA",69,2040,577,146,2,0,0,1
40.21999999999996,-123.79999999999964,"659X+XX Miranda, CA, USA",76,2040,581,162,2,0,0,0
40.21999999999996,-123.78999999999964,"6696+X2 Phillipsville, CA, USA",70,2040,620,165,2,0,0,0
40.21999999999996,-123.77999999999965,"746 Spring Canyon Ln, Phillipsville, CA 95559, USA",76,2040,629,171,2,0,0,0
40.21999999999996,-123.76999999999964,"669J+X2 Phillipsville, CA, USA",77,2040,631,177,2,0,0,0
40.229999999999954,-123.83999999999966,"65H6+X2 Miranda, CA, USA",70,2100,594,236,2,0,0,0
40.229999999999954,-123.82999999999966,"Maple Hills Rd, Miranda, CA 95553, USA",68,2040,583,163,2,0,0,0
40.229999999999954,-123.81999999999964,"6295 CA-254, Miranda, CA 95553, USA",72,2100,576,162,2,0,0,0
40.229999999999954,-123.80999999999965,"65HR+X2 Miranda, CA, USA",71,2040,588,174,2,0,0,0
40.229999999999954,-123.79999999999964,"1379 Nelson Rd, Miranda, CA 95553, USA",72,2040,585,172,2,0,0,0
40.229999999999954,-123.66999999999958,"Seward Dr, California, USA",302,7260,1920,593,0,0,0,0
40.23999999999995,-123.83999999999966,"400 Carol Ln, Miranda, CA 95553, USA",71,2100,596,244,2,0,0,0
40.23999999999995,-123.82999999999966,"65R9+2X Miranda, CA, USA",65,2100,590,228,2,0,0,0
40.23999999999995,-123.81999999999964,"119 Logan Rd, Miranda, CA 95553, USA",73,2100,570,152,2,0,0,1
40.23999999999995,-123.80999999999965,"65RR+22 Miranda, CA, USA",79,2100,580,181,2,0,0,0
40.24999999999995,-123.87999999999968,"7429+2X Myers Flat, CA, USA",81,2160,614,398,2,0,0,0
40.24999999999995,-123.86999999999968,"742H+2X Myers Flat, CA, USA",79,2160,611,389,2,0,0,0
40.24999999999995,-123.82999999999966,"2151 CA-254, Miranda, CA 95553, USA",65,2100,594,246,2,0,0,0
40.24999999999995,-123.81999999999964,"752H+2X Miranda, CA, USA",70,2100,565,165,2,0,0,0
40.24999999999995,-123.80999999999965,"752R+22 Miranda, CA, USA",77,2040,581,176,2,0,0,0
40.25999999999995,-123.88999999999967,"7455+XX Myers Flat, CA, USA",65,2220,544,145,2,0,0,1
40.25999999999995,-123.87999999999968,"7459+XX Myers Flat, CA, USA",65,2220,544,146,2,0,0,1
40.25999999999995,-123.86999999999968,"745H+XX Myers Flat, CA, USA",65,2220,545,145,2,0,0,1
40.25999999999995,-123.85999999999969,"745R+X2 Myers Flat, CA, USA",68,2220,544,136,2,0,0,1
40.25999999999995,-123.84999999999968,"745X+XX Myers Flat, CA, USA",66,2160,556,198,2,0,0,0
40.269999999999946,-123.88999999999967,"7495+XX Myers Flat, CA, USA",66,2220,539,160,2,0,0,1
40.269999999999946,-123.87999999999968,"7499+XX Myers Flat, CA, USA",64,2220,539,144,2,0,0,1
40.269999999999946,-123.86999999999968,"749H+XX Myers Flat, CA, USA",63,2220,545,141,2,0,0,1
40.269999999999946,-123.85999999999969,"749R+X2 Myers Flat, CA, USA",67,2160,544,143,2,0,0,1
40.269999999999946,-123.84999999999968,"749X+XX Myers Flat, CA, USA",66,2160,554,185,2,0,0,0
40.27999999999994,-123.87999999999968,"74J9+2X Myers Flat, CA, USA",61,2220,536,156,2,0,0,1
40.27999999999994,-123.86999999999968,"74JH+2X Myers Flat, CA, USA",65,2220,554,163,2,0,0,0
40.27999999999994,-123.85999999999969,"74JR+22 Myers Flat, CA, USA",64,2160,547,155,2,0,0,1
40.27999999999994,-123.76999999999964,"1797 Drake Hl Rd, Fortuna, CA 95540, USA",39,931,250,161,1,1,1,0
40.30999999999994,-123.92999999999972,"8369+2X Weott, CA, USA",60,2280,516,156,2,0,0,1
40.30999999999994,-123.9199999999997,"836H+2X Weott, CA, USA",60,2280,517,162,2,0,0,0
40.30999999999994,-123.9099999999997,"836R+22 Burlington, CA, USA",64,2280,522,183,2,0,0,0
40.319999999999936,-123.93999999999971,"8396+X2 Weott, CA, USA",59,2340,514,146,2,0,0,1
40.319999999999936,-123.92999999999972,"8399+XX Weott, CA, USA",59,2340,514,147,2,0,0,1
40.319999999999936,-123.9199999999997,"187 S Spring St, Weott, CA 95571, USA",58,2340,516,128,2,0,0,1
40.319999999999936,-123.9099999999997,"1661 Newton Rd, Weott, CA 95571, USA",62,2340,524,151,2,0,0,1
40.319999999999936,-123.8999999999997,"2500 Newton Rd, Weott, CA 95571, USA",66,2400,529,165,2,0,0,0
40.329999999999934,-123.93999999999971,"83H6+X2 Weott, CA, USA",58,2340,508,157,2,0,0,1
40.329999999999934,-123.92999999999972,"83H9+XX Weott, CA, USA",59,2340,510,149,2,0,0,1
40.329999999999934,-123.9199999999997,"83HH+XX Weott, CA, USA",60,2340,519,139,2,0,0,1
40.329999999999934,-123.9099999999997,"83HR+X2 Weott, CA, USA",61,2280,514,235,2,0,0,0
40.35999999999993,-123.9199999999997,"Avenue of the Giants, Redcrest, CA 95569, USA",51,2160,478,123,2,0,0,1
40.37999999999992,-123.94999999999972,"92HX+XX Redcrest, CA, USA",62,2220,495,296,2,0,0,0
40.38999999999992,-123.96999999999971,"92QJ+X2 Redcrest, CA, USA",59,2160,496,300,2,0,0,0
40.38999999999992,-123.95999999999972,"92QR+X2 Redcrest, CA, USA",57,2220,490,162,2,0,0,0
40.38999999999992,-123.94999999999972,"92QX+XX Redcrest, CA, USA",55,2160,485,142,2,0,0,1
40.38999999999992,-123.93999999999971,"93Q6+X2 Redcrest, CA, USA",57,2220,487,152,2,0,0,1
40.38999999999992,-123.92999999999972,"26011 Avenue of the Giants, Redcrest, CA 95569, USA",53,2160,485,149,2,0,0,1
40.39999999999992,-123.96999999999971,"C22J+22 Redcrest, CA, USA",56,2220,487,153,2,0,0,1
40.39999999999992,-123.95999999999972,"C22R+22 Redcrest, CA, USA",54,2160,484,141,2,0,0,1
40.39999999999992,-123.94999999999972,"26430 CA-254, Redcrest, CA 95569, USA",52,2160,477,125,2,0,0,1
40.39999999999992,-123.93999999999971,"26035 CA-254, Redcrest, CA 95569, USA",53,2160,480,131,2,0,0,1
40.39999999999992,-123.92999999999972,"774 Larabee Rnch Rd, Redcrest, CA 95569, USA",80,2220,491,220,2,0,0,0
40.40999999999992,-123.95999999999972,"US-101, Redcrest, CA 95569, USA",51,2160,479,123,2,0,0,1
40.40999999999992,-123.94999999999972,"C25X+XX Redcrest, CA, USA",53,2160,474,140,2,0,0,1
40.40999999999992,-123.93999999999971,"C356+X2 Redcrest, CA, USA",58,2160,484,200,2,0,0,0
40.40999999999992,-123.92999999999972,"540 Larabee Creek Rd, Redcrest, CA 95569, USA",79,2160,490,213,2,0,0,0
40.42999999999992,-123.6999999999996,"1522 Charles Ave, Arcata, CA 95521, USA",4,35,9,37,1,1,1,1
40.43999999999991,-124.02999999999976,"Blue Star Memorial Hwy, Scotia, CA 95565, USA",45,1620,276,117,1,0,1,1
40.44999999999991,-123.15999999999931,"CA-3, Hayfork, CA 96041, USA",150,2100,672,285,0,0,0,0
40.46999999999991,-124.1099999999998,"FV9R+X2 Scotia, CA, USA",69,1920,444,462,2,0,0,0
40.46999999999991,-124.0999999999998,"FW92+X2 Scotia, CA, USA",43,1620,282,140,1,0,1,1
40.46999999999991,-124.0899999999998,"FW96+X2 Scotia, CA, USA",45,1620,280,137,1,0,1,1
40.47999999999991,-124.1199999999998,"FVHJ+X2 Scotia, CA, USA",46,1620,278,138,1,0,1,1
40.47999999999991,-124.1099999999998,"FVHR+X2 Scotia, CA, USA",44,1620,278,124,1,0,1,1
40.47999999999991,-124.0999999999998,"532 B St, Scotia, CA 95565, USA",42,1620,276,115,1,0,1,1
40.47999999999991,-124.0899999999998,"FWH6+X2 Scotia, CA, USA",46,1620,282,142,1,0,1,1
40.47999999999991,-124.0799999999998,"FWHC+X2 Scotia, CA, USA",46,1620,298,146,1,0,1,1
40.4899999999999,-124.1199999999998,"1042 Monument Rd, Rio Dell, CA 95562, USA",44,1620,275,129,1,0,1,1
40.4899999999999,-124.1099999999998,"50 Redwood Ave, Rio Dell, CA 95562, USA",43,1560,274,117,1,0,1,1
40.4899999999999,-124.0999999999998,"64 N Ct, Scotia, CA 95565, USA",41,1620,274,116,1,0,1,1
40.4899999999999,-124.0899999999998,"FWR6+22 Rio Dell, CA, USA",44,1620,291,134,1,0,1,1
40.4899999999999,-124.0799999999998,"FWRC+22 Rio Dell, CA, USA",46,1620,303,145,1,0,1,1
40.4999999999999,-124.1299999999998,"GV2C+22 Rio Dell, CA, USA",48,1620,281,131,1,0,1,1
40.4999999999999,-124.1199999999998,"GV2J+22 Rio Dell, CA, USA",43,1560,274,122,1,0,1,1
40.4999999999999,-124.1099999999998,"GV2R+22 Rio Dell, CA, USA",40,1560,269,105,1,0,1,1
40.4999999999999,-124.0999999999998,"230 Smither Ct, Rio Dell, CA 95562, USA",40,1560,270,107,1,0,1,1
40.4999999999999,-124.0899999999998,"GW26+22 Rio Dell, CA, USA",41,1620,273,110,1,0,1,1
40.4999999999999,-124.0799999999998,"GW2C+22 Rio Dell, CA, USA",46,1620,303,159,1,0,1,1
40.5099999999999,-124.1199999999998,"GV5J+X2 Rio Dell, CA, USA",38,1560,262,121,1,0,1,1
40.5099999999999,-124.1099999999998,"GV5R+X2 Rio Dell, CA, USA",43,1560,267,116,1,0,1,1
40.5099999999999,-124.0999999999998,"GW52+X2 Rio Dell, CA, USA",42,1560,268,112,1,0,1,1
40.5099999999999,-124.0899999999998,"GW56+X2 Rio Dell, CA, USA",42,1560,270,108,1,0,1,1
40.5099999999999,-124.0799999999998,"GW5C+X2 Rio Dell, CA, USA",48,852,229,923,1,1,1,2
40.53999999999989,-123.20999999999934,"131 Jesse Rd, Hayfork, CA 96041, USA",154,2160,662,319,0,0,0,0
40.53999999999989,-123.19999999999932,"GRQ2+X2 Hayfork, CA, USA",156,2160,663,322,0,0,0,0
40.53999999999989,-123.18999999999932,"5501 CA-3, Hayfork, CA 96041, USA",151,2160,659,305,0,0,0,0
40.53999999999989,-123.17999999999932,"GRQC+X2 Hayfork, CA, USA",156,2160,663,321,0,0,0,0
40.53999999999989,-123.16999999999932,"305 Pine Ave, Hayfork, CA 96041, USA",152,2160,663,302,0,0,0,0
40.53999999999989,-123.15999999999931,"1630 Morgan Hill Rd, Hayfork, CA 96041, USA",154,2160,667,318,0,0,0,0
40.53999999999989,-123.14999999999932,"GRQX+XX Hayfork, CA, USA",154,2160,666,329,0,0,0,0
40.53999999999989,-123.1399999999993,"GVQ5+XX Hayfork, CA, USA",156,2160,670,365,0,0,0,0
40.53999999999989,-123.1299999999993,"GVQC+X2 Hayfork, CA, USA",159,2220,676,382,0,0,0,0
40.54999999999989,-123.20999999999934,"HQ2R+22 Hayfork, CA, USA",155,2100,651,307,0,0,0,0
40.54999999999989,-123.19999999999932,"374 Tule Creek Rd, Hayfork, CA 96041, USA",152,2100,658,298,0,0,0,0
40.54999999999989,-123.18999999999932,"66 Riverview Rd, Hayfork, CA 96041, USA",151,2100,655,292,0,0,0,0
40.54999999999989,-123.17999999999932,"541 Riverview Rd, Hayfork, CA 96041, USA",152,2100,658,303,0,0,0,0
40.54999999999989,-123.16999999999932,"71 Bridge Rd, Hayfork, CA 96041, USA",150,2160,662,290,0,0,0,0
40.54999999999989,-123.15999999999931,"HR2R+22 Hayfork, CA, USA",150,2100,664,285,0,0,0,0
40.54999999999989,-123.14999999999932,"HR2X+2X Hayfork, CA, USA",149,2100,664,287,0,0,0,0
40.54999999999989,-123.1399999999993,"3021 Morgan Hill Rd, Hayfork, CA 96041, USA",157,2220,672,350,0,0,0,0
40.54999999999989,-123.1299999999993,"HV2C+22 Hayfork, CA, USA",151,2100,669,295,0,0,0,0
40.54999999999989,-123.1199999999993,"HV2H+2X Hayfork, CA, USA",151,2100,672,307,0,0,0,0
40.54999999999989,-123.10999999999927,"HV2R+22 Hayfork, CA, USA",181,2280,712,574,0,0,0,0
40.54999999999989,-123.09999999999928,"HV2X+2X Hayfork, CA, USA",153,2160,680,300,0,0,0,0
40.54999999999989,-123.08999999999928,"HW25+2X Hayfork, CA, USA",153,2160,681,304,0,0,0,0
40.55999999999989,-124.14999999999982,"2101 Sandy Prairie Rd, Fortuna, CA 95540, USA",37,918,247,143,1,1,1,1
40.55999999999989,-124.13999999999982,"2600 Drake Hill Rd, Fortuna, CA 95540, USA",38,914,248,108,1,1,1,1
40.55999999999989,-124.1299999999998,"2100 Airport Rd, Fortuna, CA 95540, USA",38,904,245,104,1,1,1,1
40.55999999999989,-124.1199999999998,"4285 Hillras Way, Fortuna, CA 95540, USA",40,896,243,114,1,1,1,1
40.55999999999989,-124.1099999999998,"HV6R+22 Hydesville, CA, USA",41,859,233,139,1,1,1,1
40.55999999999989,-123.20999999999934,"HQ6R+22 Hayfork, CA, USA",156,2100,651,313,0,0,0,0
40.55999999999989,-123.19999999999932,"420 Horse Tail Hill Rd, Hayfork, CA 96041, USA",158,2100,652,318,0,0,0,0
40.55999999999989,-123.18999999999932,"105 Murray Ln, Hayfork, CA 96041, USA",156,2100,655,307,0,0,0,0
40.55999999999989,-123.17999999999932,"HR6C+22 Hayfork, CA, USA",152,2100,657,291,0,0,0,0
40.55999999999989,-123.16999999999932,"360 Oak Ave, Hayfork, CA 96041, USA",153,2160,659,292,0,0,0,0
40.55999999999989,-123.15999999999931,"HR6R+22 Hayfork, CA, USA",153,2100,663,298,0,0,0,0
40.55999999999989,-123.14999999999932,"HR6X+2X Hayfork, CA, USA",147,2040,666,288,0,0,0,0
40.55999999999989,-123.1399999999993,"151 Rose Ln, Hayfork, CA 96041, USA",148,2100,667,294,0,0,0,0
40.55999999999989,-123.1299999999993,"10057 CA-3, Hayfork, CA 96041, USA",149,2100,667,295,0,0,0,0
40.55999999999989,-123.1199999999993,"10375 CA-3, Hayfork, CA 96041, USA",150,2100,670,305,0,0,0,0
40.55999999999989,-123.10999999999927,"30 S Barker Ln, Hayfork, CA 96041, USA",150,2100,672,295,0,0,0,0
40.55999999999989,-123.09999999999928,"HV6X+2X Hayfork, CA, USA",152,2160,677,287,0,0,0,0
40.55999999999989,-123.08999999999928,"480 Nelson Rd, Hayfork, CA 96041, USA",152,2160,678,291,0,0,0,0
40.55999999999989,-123.07999999999927,"HW6C+22 Hayfork, CA, USA",155,2160,686,294,0,0,0,0
40.56999999999989,-124.16999999999985,"HR9J+X2 Fortuna, CA, USA",41,1418,317,571,1,0,0,0
40.56999999999989,-124.15999999999984,"HR9R+X2 Fortuna, CA, USA",41,1423,317,543,1,0,0,0
40.56999999999989,-124.14999999999982,"HV92+X2 Rohnerville, Fortuna, CA, USA",40,941,252,179,1,1,1,0
40.56999999999989,-124.13999999999982,"2534 School St, Fortuna, CA 95540, USA",35,921,250,79,1,1,1,1
40.56999999999989,-124.1299999999998,"3464 School St, Fortuna, CA 95540, USA",36,910,247,91,1,1,1,1
40.56999999999989,-124.1199999999998,"136 Windfall Ln, Fortuna, CA 95540, USA",37,913,248,93,1,1,1,1
40.56999999999989,-124.1099999999998,"4151 Mill St, Fortuna, CA 95540, USA",38,925,250,105,1,1,1,1
40.56999999999989,-123.18999999999932,"771 Kellogg Gulch Rd, Hayfork, CA 96041, USA",157,2160,665,326,0,0,0,0
40.56999999999989,-123.17999999999932,"360 Oliva Dr, Hayfork, CA 96041, USA",154,2160,662,316,0,0,0,0
40.56999999999989,-123.16999999999932,"347 Buck Ln, Hayfork, CA 96041, USA",156,2160,664,331,0,0,0,0
40.56999999999989,-123.15999999999931,"HR9R+X2 Hayfork, CA, USA",157,2160,665,344,0,0,0,0
40.56999999999989,-123.14999999999932,"HR9X+XX Hayfork, CA, USA",149,2040,669,305,0,0,0,0
40.56999999999989,-123.1399999999993,"HV95+XX Hayfork, CA, USA",146,2040,668,301,0,0,0,0
40.56999999999989,-123.1199999999993,"HV9H+XX Hayfork, CA, USA",156,2100,674,328,0,0,0,0
40.56999999999989,-123.10999999999927,"769 Barker Valley Rd, Hayfork, CA 96041, USA",152,2100,674,295,0,0,0,0
40.56999999999989,-123.09999999999928,"12350 CA-3, Hayfork, CA 96041, USA",151,2160,676,277,0,0,0,0
40.56999999999989,-123.08999999999928,"HW95+XX Hayfork, CA, USA",153,2160,681,287,0,0,0,0
40.56999999999989,-123.07999999999927,"HW9C+X2 Hayfork, CA, USA",155,2160,686,293,0,0,0,0
40.56999999999989,-123.06999999999928,"HW9H+XX Hayfork, CA, USA",154,2160,686,299,0,0,0,0
40.56999999999989,-123.05999999999926,"1651 Summit Creek Rd, Hayfork, CA 96041, USA",155,2160,688,332,0,0,0,0
40.579999999999885,-124.16999999999985,"HRHJ+X2 Fortuna, CA, USA",39,1379,324,532,1,0,0,0
40.579999999999885,-124.15999999999984,"HRHR+X2 Fortuna, CA, USA",34,952,264,120,1,1,1,1
40.579999999999885,-124.14999999999982,"HVH2+X2 Fortuna, CA, USA",32,944,257,76,1,1,1,1
40.579999999999885,-124.13999999999982,"3030 Nellie Wy, Fortuna, CA 95540, USA",35,936,255,77,1,1,1,1
40.579999999999885,-124.1299999999998,"3885 Rohnerville Rd, Fortuna, CA 95540, USA",36,923,250,81,1,1,1,1
40.579999999999885,-124.1199999999998,"3653 Loop Rd, Fortuna, CA 95540, USA",39,939,255,105,1,1,1,1
40.579999999999885,-124.1099999999998,"560 Dick Smith Rd, Fortuna, CA 95540, USA",40,950,259,116,1,1,1,1
40.579999999999885,-123.10999999999927,"HVHR+X2 Hayfork, CA, USA",155,2160,677,304,0,0,0,0
40.579999999999885,-123.09999999999928,"HVHX+XX Hayfork, CA, USA",155,2160,678,293,0,0,0,0
40.579999999999885,-123.08999999999928,"HWH5+XX Hayfork, CA, USA",153,2160,684,281,0,0,0,0
40.579999999999885,-123.07999999999927,"13660 CA-3, Hayfork, CA 96041, USA",155,2160,687,297,0,0,0,0
40.579999999999885,-123.06999999999928,"HWHH+XX Hayfork, CA, USA",149,2160,687,278,0,0,0,0
40.579999999999885,-123.05999999999926,"14842 CA-3, Hayfork, CA 96041, USA",148,2220,690,294,0,0,0,0
40.579999999999885,-123.04999999999926,"15147 CA-3, Hayfork, CA 96041, USA",150,2220,692,298,0,0,0,0
40.579999999999885,-123.01999999999924,"HXHH+XX Hayfork, CA, USA",148,2220,699,313,0,0,0,0
40.579999999999885,-123.00999999999924,"HXHR+X2 Hayfork, CA, USA",145,2280,704,286,0,0,0,0
40.58999999999988,-124.17999999999984,"HRRC+22 Fortuna, CA, USA",37,1364,325,393,1,0,0,0
40.58999999999988,-124.16999999999985,"HRRJ+22 Fortuna, CA, USA",35,973,264,109,1,1,1,1
40.58999999999988,-124.15999999999984,"180 Dinsmore Dr, Fortuna, CA 95540, USA",34,970,263,91,1,1,1,1
40.58999999999988,-124.14999999999982,"277 S 15th St, Fortuna, CA 95540, USA",34,960,260,71,1,1,1,1
40.58999999999988,-124.13999999999982,"2515 Virginia Dr, Fortuna, CA 95540, USA",35,947,256,74,1,1,1,1
40.58999999999988,-124.1299999999998,"293 Hilltop Dr, Fortuna, CA 95540, USA",37,943,255,89,1,1,1,1
40.58999999999988,-124.1199999999998,"1890 Loop Rd, Fortuna, CA 95540, USA",38,949,258,114,1,1,1,1
40.58999999999988,-124.1099999999998,"555 Paradise Dr, Fortuna, CA 95540, USA",41,952,257,118,1,1,1,1
40.58999999999988,-123.09999999999928,"HVRX+2X Hayfork, CA, USA",155,2160,687,297,0,0,0,0
40.58999999999988,-123.08999999999928,"HWR5+2X Hayfork, CA, USA",156,2160,687,294,0,0,0,0
40.58999999999988,-123.07999999999927,"HWRC+22 Hayfork, CA, USA",156,2160,687,294,0,0,0,0
40.58999999999988,-123.06999999999928,"HWRH+2X Hayfork, CA, USA",152,2160,689,282,0,0,0,0
40.58999999999988,-123.05999999999926,"HWRR+22 Hayfork, CA, USA",153,2160,689,286,0,0,0,0
40.58999999999988,-123.02999999999923,"HXR9+2X Hayfork, CA, USA",144,2220,703,302,0,0,0,0
40.58999999999988,-123.01999999999924,"4756 Summit Creek Rd, Hayfork, CA 96041, USA",148,2220,698,315,0,0,0,0
40.58999999999988,-123.00999999999924,"HXRR+22 Hayfork, CA, USA",144,2280,705,276,0,0,0,0
40.59999999999988,-124.20999999999984,"HQXR+X2 Loleta, CA, USA",32,1313,363,98,1,0,0,1
40.59999999999988,-124.19999999999985,"HRX2+X2 Worswick, CA, USA",33,1330,331,115,1,0,0,1
40.59999999999988,-124.18999999999984,"HRX5+XX Fortuna, CA, USA",36,1351,329,380,1,0,0,0
40.59999999999988,-124.17999999999984,"HRXC+X2 Fortuna, CA, USA",33,1130,316,73,1,1,0,1
40.59999999999988,-124.16999999999985,"HRXJ+X2 Fortuna, CA, USA",32,986,265,93,1,1,1,1
40.59999999999988,-124.15999999999984,"943 7th St, Fortuna, CA 95540, USA",33,976,263,82,1,1,1,1
40.59999999999988,-124.14999999999982,"76 Park St, Fortuna, CA 95540, USA",34,964,261,84,1,1,1,1
40.59999999999988,-124.13999999999982,"2468 Hillside Dr, Fortuna, CA 95540, USA",36,967,262,89,1,1,1,1
40.59999999999988,-124.1299999999998,"3350 Nelson Ln, Fortuna, CA 95540, USA",38,1011,262,113,1,1,1,1
40.59999999999988,-123.07999999999927,"HWXC+X2 Hayfork, CA, USA",156,2160,687,306,0,0,0,0
40.59999999999988,-123.06999999999928,"HWXH+XX Hayfork, CA, USA",154,2220,690,289,0,0,0,0
40.59999999999988,-123.02999999999923,"HXX9+XX Hayfork, CA, USA",144,2220,704,296,0,0,0,0
40.59999999999988,-123.01999999999924,"HXXH+XX Hayfork, CA, USA",143,2220,705,282,0,0,0,0
40.59999999999988,-123.00999999999924,"HXXR+X2 Hayfork, CA, USA",145,2280,710,281,0,0,0,0
40.60999999999988,-124.21999999999986,"JQ6H+2X Loleta, CA, USA",37,1352,374,175,1,0,0,0
40.60999999999988,-124.20999999999984,"JQ6R+22 Loleta, CA, USA",31,1297,359,82,1,0,0,1
40.60999999999988,-124.19999999999985,"JR62+22 Worswick, CA, USA",30,1293,358,77,1,0,0,1
40.60999999999988,-124.18999999999984,"JR65+2X Worswick, CA, USA",32,1300,360,83,1,0,0,1
40.60999999999988,-124.17999999999984,"288 Valley Dr, Fortuna, CA 95540, USA",31,1132,316,78,1,1,0,1
40.60999999999988,-124.16999999999985,"505 Palmer Blvd, Fortuna, CA 95540, USA",32,1140,318,83,1,1,0,1
40.60999999999988,-124.15999999999984,"857 Holman Way, Fortuna, CA 95540, USA",35,993,267,99,1,1,1,1
40.60999999999988,-124.14999999999982,"1952 Carson Woods Rd, Fortuna, CA 95540, USA",37,982,264,96,1,1,1,1
40.60999999999988,-124.13999999999982,"JV65+2X Fortuna, CA, USA",38,988,266,102,1,1,1,1
40.60999999999988,-123.01999999999924,"JX6H+2X Hayfork, CA, USA",149,2280,716,305,0,0,0,0
40.60999999999988,-123.00999999999924,"JX6R+22 Hayfork, CA, USA",148,2280,714,298,0,0,0,0
40.61999999999988,-124.22999999999986,"JQCC+22 Loleta, CA, USA",35,1268,353,187,1,0,0,0
40.61999999999988,-124.21999999999986,"JQCH+2X Loleta, CA, USA",30,1264,351,80,1,0,0,1
40.61999999999988,-124.20999999999984,"Eel River Dr & Fernbridge Dr - SB Stop, California 95540, USA",29,1273,353,71,1,0,0,1
40.61999999999988,-124.19999999999985,"JRC2+22 Loleta, CA, USA",29,1291,359,75,1,0,0,1
40.61999999999988,-124.18999999999984,"JRC5+2X Worswick, CA, USA",33,1307,362,90,1,0,0,1
40.61999999999988,-124.17999999999984,"1090 Tompkins Hill Rd, Fortuna, CA 95540, USA",33,1093,297,97,1,1,1,1
40.61999999999988,-124.16999999999985,"1200 Palmer Blvd, Fortuna, CA 95540, USA",34,1152,320,96,1,0,0,1
40.62999999999988,-124.23999999999988,"JQH5+XX Loleta, CA, USA",34,1261,351,101,1,0,0,1
40.62999999999988,-124.22999999999986,"JQHC+X2 Loleta, CA, USA",35,1268,353,108,1,0,0,1
40.62999999999988,-124.21999999999986,"JQHH+XX Loleta, CA, USA",31,1253,349,83,1,0,0,1
40.62999999999988,-124.20999999999984,"65 Carroll Rd, Loleta, CA 95551, USA",31,1290,358,88,1,0,0,1
40.62999999999988,-124.19999999999985,"963 Singley Hill Rd, Loleta, CA 95551, USA",32,1288,358,93,1,0,0,1
40.62999999999988,-124.18999999999984,"JRH5+XX Loleta, CA, USA",33,1090,294,242,1,1,1,0
40.63999999999987,-124.23999999999988,"JQQ5+XX Loleta, CA, USA",31,1247,348,86,1,0,0,1
40.63999999999987,-124.22999999999986,"JQQC+X2 Loleta, CA, USA",31,1246,348,79,1,0,0,1
40.63999999999987,-124.21999999999986,"JQQH+XX Loleta, CA, USA",31,1245,349,72,1,0,0,1
40.63999999999987,-124.20999999999984,"JQQR+X2 Loleta, CA, USA",28,1254,351,80,1,0,0,1
40.64999999999987,-124.23999999999988,"MQ25+2X Loleta, CA, USA",30,1240,346,90,1,0,0,1
40.64999999999987,-124.22999999999986,"1940 Eel River Dr, Fortuna, CA 95540, USA",30,1234,345,86,1,0,0,1
40.64999999999987,-124.21999999999986,"MQ2H+2X Loleta, CA, USA",28,1214,337,84,1,0,0,1
40.64999999999987,-124.20999999999984,"2400 Singley Hill Rd, Loleta, CA 95551, USA",30,1275,355,101,1,0,0,1
40.68999999999986,-124.20999999999984,"MQQR+X2 Humboldt Hill, CA, USA",29,1211,336,131,1,0,0,1
40.68999999999986,-124.19999999999985,"MRQ2+X2 Humboldt Hill, CA, USA",24,1198,331,61,1,0,0,1
40.68999999999986,-124.18999999999984,"7035 Tompkins Hill Rd, Loleta, CA 95551, USA",27,1212,335,64,1,0,0,1
40.68999999999986,-124.17999999999984,"MRQC+X2 Humboldt Hill, CA, USA",27,1212,335,65,1,0,0,1
40.69999999999986,-124.20999999999984,"MQXR+X2 Humboldt Hill, CA, USA",28,1220,335,62,1,0,0,1
40.69999999999986,-124.19999999999985,"MRX2+X2 Humboldt Hill, CA, USA",25,1220,336,51,1,0,0,1
40.69999999999986,-124.18999999999984,"MRX5+XX Humboldt Hill, CA, USA",27,1217,335,48,1,0,0,1
40.69999999999986,-124.17999999999984,"MRXC+X2 Humboldt Hill, CA, USA",32,396,94,1141,1,1,1,2
40.70999999999986,-124.22999999999986,"PQ6C+22 Humboldt Hill, CA, USA",25,1239,338,131,1,0,0,1
40.70999999999986,-124.20999999999984,"PQ6R+22 Humboldt Hill, CA, USA",25,1235,341,77,1,0,0,1
40.70999999999986,-124.18999999999984,"7565 Berta Rd, Eureka, CA 95503, USA",28,374,88,1119,1,1,1,2
40.70999999999986,-124.17999999999984,"PR6C+22 Humboldt Hill, CA, USA",28,374,89,1119,1,1,1,2
40.71999999999986,-123.06999999999928,"PW9H+XX Junction City, CA, USA",107,1920,507,207,2,0,0,0
40.71999999999986,-123.05999999999926,"PW9R+X2 Junction City, CA, USA",108,1920,511,221,2,0,0,0
40.71999999999986,-123.04999999999926,"1164 Dutch Creek Rd, Junction City, CA 96048, USA",108,1920,510,223,2,0,0,0
40.71999999999986,-123.03999999999924,"PX95+XX Junction City, CA, USA",110,1920,516,238,2,0,0,0
40.729999999999855,-123.27999999999938,"PPH9+XX Big Bar, CA, USA",97,1620,532,261,2,0,0,0
40.729999999999855,-123.26999999999936,"PPHJ+X2 Big Bar, CA, USA",95,1620,546,224,2,0,0,0
40.729999999999855,-123.25999999999937,"PPHR+X2 Big Bar, CA, USA",92,1560,442,191,2,0,0,0
40.729999999999855,-123.24999999999936,"PQH2+X2 Big Bar, CA, USA",92,1560,443,190,2,0,0,0
40.729999999999855,-123.23999999999936,"PQH6+X2 Big Bar, CA, USA",94,1620,450,211,2,0,0,0
40.729999999999855,-123.21999999999936,"PQHJ+X2 Big Flat, CA, USA",89,1620,444,194,2,0,0,0
40.729999999999855,-123.20999999999934,"PQHR+X2 Big Flat, CA, USA",91,1620,450,183,2,0,0,0
40.729999999999855,-123.19999999999932,"PRH2+X2 Big Flat, CA, USA",91,1620,451,189,2,0,0,0
40.729999999999855,-123.06999999999928,"PWHH+XX Junction City, CA, USA",109,1920,510,218,2,0,0,0
40.729999999999855,-123.05999999999926,"200 Dutch Creek Rd, Junction City, CA 96048, USA",106,1920,505,198,2,0,0,0
40.729999999999855,-123.04999999999926,"PWHX+XX Junction City, CA, USA",107,1920,506,202,2,0,0,0
40.729999999999855,-123.03999999999924,"44561 CA-299, Junction City, CA 96048, USA",108,1920,507,215,2,0,0,0
40.73999999999985,-123.28999999999938,"PPR6+22 Big Bar, CA, USA",93,1620,445,228,2,0,0,0
40.73999999999985,-123.27999999999938,"PPR9+2X Big Bar, CA, USA",93,1620,447,225,2,0,0,0
40.73999999999985,-123.26999999999936,"161 Lakewood Dr, Big Bar, CA 96010, USA",93,1620,446,201,2,0,0,0
40.73999999999985,-123.25999999999937,"PPRR+22 Big Bar, CA, USA",91,1560,445,189,2,0,0,0
40.73999999999985,-123.24999999999936,"331 Ranger Station Rd, Big Bar, CA 96010, USA",89,1560,437,174,2,0,0,0
40.73999999999985,-123.23999999999936,"PQR6+22 Big Bar, CA, USA",88,1560,441,184,2,0,0,0
40.73999999999985,-123.22999999999936,"PQRC+22 Big Bar, CA, USA",89,1620,444,191,2,0,0,0
40.73999999999985,-123.21999999999936,"PQRJ+22 Big Flat, CA, USA",90,1620,446,182,2,0,0,0
40.73999999999985,-123.20999999999934,"31221 CA-299, Junction City, CA 96048, USA",91,1620,449,176,2,0,0,0
40.73999999999985,-123.19999999999932,"PRR2+22 Big Flat, CA, USA",93,1620,453,192,2,0,0,0
40.73999999999985,-123.18999999999932,"PRR6+22 Big Flat, CA, USA",92,1620,454,201,2,0,0,0
40.73999999999985,-123.06999999999928,"75 Montezuma Rd, Big Bar, CA 96010, USA",109,1920,514,230,2,0,0,0
40.73999999999985,-123.05999999999926,"PWRR+22 Junction City, CA, USA",104,1860,499,208,2,0,0,0
40.73999999999985,-123.04999999999926,"PWRX+2X Junction City, CA, USA",108,1860,511,210,2,0,0,0
40.73999999999985,-123.03999999999924,"PXR5+2X Junction City, CA, USA",107,1920,512,206,2,0,0,0
40.74999999999985,-124.18999999999984,"QR25+2X Ridgewood, CA, USA",22,299,71,65,1,1,1,1
40.74999999999985,-124.17999999999984,"QR2C+22 Ridgewood, CA, USA",22,309,73,76,1,1,1,1
40.74999999999985,-124.16999999999985,"QR2J+22 Ridgewood, CA, USA",26,336,77,119,1,1,1,1
40.74999999999985,-124.15999999999984,"QR2R+22 Ridgewood, CA, USA",26,332,75,126,1,1,1,1
40.74999999999985,-124.14999999999982,"1918 Greenbriar Ln, Eureka, CA 95503, USA",20,269,60,87,1,1,1,1
40.74999999999985,-124.13999999999982,"QV25+2X Ridgewood, CA, USA",21,271,61,90,1,1,1,1
40.74999999999985,-124.1299999999998,"QV2C+22 Ridgewood, CA, USA",25,266,70,178,1,1,1,0
40.74999999999985,-123.28999999999938,"QP26+22 Big Bar, CA, USA",85,1500,427,191,2,0,0,0
40.74999999999985,-123.27999999999938,"QP29+2X Big Bar, CA, USA",86,1560,428,185,2,0,0,0
40.74999999999985,-123.26999999999936,"31250 CA-299, Big Bar, CA 96010, USA",87,1560,432,174,2,0,0,0
40.74999999999985,-123.25999999999937,"QP2R+22 Big Bar, CA, USA",87,1560,431,172,2,0,0,0
40.74999999999985,-123.24999999999936,"QQ22+22 Big Bar, CA, USA",89,1560,437,174,2,0,0,0
40.74999999999985,-123.23999999999936,"QQ26+22 Big Bar, CA, USA",90,1560,441,184,2,0,0,0
40.74999999999985,-123.22999999999936,"QQ2C+22 Big Bar, CA, USA",90,1620,446,185,2,0,0,0
40.74999999999985,-123.21999999999936,"QQ2J+22 Big Flat, CA, USA",91,1620,449,177,2,0,0,0
40.74999999999985,-123.20999999999934,"QQ2R+22 Big Flat, CA, USA",93,1620,457,188,2,0,0,0
40.74999999999985,-123.19999999999932,"QR22+22 Big Flat, CA, USA",93,1620,457,188,2,0,0,0
40.74999999999985,-123.10999999999927,"QV2R+22 Junction City, CA, USA",120,1980,529,409,0,0,0,0
40.74999999999985,-123.09999999999928,"QV2X+2X Junction City, CA, USA",115,1980,525,385,2,0,0,0
40.74999999999985,-123.08999999999928,"QW25+2X Junction City, CA, USA",113,1980,522,371,2,0,0,0
40.74999999999985,-123.07999999999927,"2220 Red Hill Rd, Junction City, CA 96048, USA",110,1920,518,293,2,0,0,0
40.74999999999985,-123.06999999999928,"53 Quail Rd, Junction City, CA 96048, USA",112,1980,524,306,2,0,0,0
40.74999999999985,-123.05999999999926,"QW2R+22 Junction City, CA, USA",103,1860,496,200,2,0,0,0
40.74999999999985,-123.04999999999926,"QW2X+2X Junction City, CA, USA",107,1860,507,220,2,0,0,0
40.75999999999985,-124.20999999999984,"QQ5R+X2 Eureka, CA, USA",20,279,67,321,1,1,1,0
40.75999999999985,-124.19999999999985,"QR52+X2 Eureka, CA, USA",22,274,63,73,1,1,1,1
40.75999999999985,-124.18999999999984,"4640 Broadway St, Eureka, CA 95503, USA",21,284,65,83,1,1,1,1
40.75999999999985,-124.17999999999984,"800 Masterson Pl, Eureka, CA 95503, USA",20,275,70,86,1,1,1,1
40.75999999999985,-124.16999999999985,"4750 Fairway Dr, Eureka, CA 95503, USA",18,267,64,68,1,1,1,1
40.75999999999985,-124.15999999999984,"1160 Leslie Rd, Eureka, CA 95503, USA",18,263,61,73,1,1,1,1
40.75999999999985,-124.14999999999982,"4612 Excelsior Rd, Eureka, CA 95503, USA",19,253,57,69,1,1,1,1
40.75999999999985,-124.13999999999982,"QV55+XX Cutten, CA, USA",19,248,56,74,1,1,1,1
40.75999999999985,-124.1299999999998,"QV5C+X2 Ridgewood, CA, USA",17,243,63,127,1,1,1,1
40.75999999999985,-124.1199999999998,"4700 Lentell Rd, Eureka, CA 95503, USA",17,232,63,165,1,1,1,0
40.75999999999985,-123.3299999999994,"QM59+XX Del Loma, CA, USA",120,1680,494,546,0,0,0,0
40.75999999999985,-123.27999999999938,"QP59+XX Big Bar, CA, USA",85,1500,425,201,2,0,0,0
40.75999999999985,-123.26999999999936,"QP5J+X2 Big Bar, CA, USA",85,1500,425,202,2,0,0,0
40.75999999999985,-123.25999999999937,"QP5R+X2 Big Bar, CA, USA",87,1560,432,174,2,0,0,0
40.75999999999985,-123.14999999999932,"QR5X+XX Junction City, CA, USA",95,1680,466,213,2,0,0,0
40.75999999999985,-123.1399999999993,"QV55+XX Junction City, CA, USA",96,1740,468,207,2,0,0,0
40.75999999999985,-123.1299999999993,"QV5C+X2 Junction City, CA, USA",96,1740,469,203,2,0,0,0
40.75999999999985,-123.1199999999993,"QV5H+XX Junction City, CA, USA",98,1740,477,198,2,0,0,0
40.75999999999985,-123.10999999999927,"QV5R+X2 Junction City, CA, USA",118,1980,527,400,2,0,0,0
40.75999999999985,-123.09999999999928,"90 Lime Point Rd, Junction City, CA 96048, USA",100,1800,481,217,2,0,0,0
40.75999999999985,-123.08999999999928,"2030 Wintu Pass Rd, Junction City, CA 96048, USA",114,1980,536,361,2,0,0,0
40.75999999999985,-123.07999999999927,"240 Rasmusen Ln, Junction City, CA 96048, USA",115,1980,539,340,2,0,0,0
40.75999999999985,-123.06999999999928,"167 Park Ln, Junction City, CA 96048, USA",116,1980,537,339,2,0,0,0
40.75999999999985,-123.05999999999926,"490 Upper Rd, Junction City, CA 96048, USA",107,1860,503,213,2,0,0,0
40.75999999999985,-123.04999999999926,"QW5X+XX Junction City, CA, USA",108,1860,508,226,2,0,0,0
40.76999999999985,-124.20999999999984,"QQ9R+X2 Eureka, CA, USA",17,258,63,250,1,1,1,0
40.76999999999985,-124.19999999999985,"QR92+X2 Eureka, CA, USA",20,262,60,58,1,1,1,1
40.76999999999985,-124.18999999999984,"4001 Broadway St, Eureka, CA 95503, USA",19,260,63,53,1,1,1,1
40.76999999999985,-124.17999999999984,"809 Sea Ave, Eureka, CA 95503, USA",19,261,64,56,1,1,1,1
40.76999999999985,-124.16999999999985,"65 Spruce St, Eureka, CA 95503, USA",19,251,60,77,1,1,1,1
40.76999999999985,-124.15999999999984,"3965 Campton Rd, Eureka, CA 95503, USA",16,241,57,73,1,1,1,1
40.76999999999985,-124.14999999999982,"1625 Fern St, Eureka, CA 95503, USA",17,255,59,89,1,1,1,1
40.76999999999985,-124.13999999999982,"2483 Fern St, Eureka, CA 95503, USA",17,236,54,67,1,1,1,1
40.76999999999985,-124.1299999999998,"QV9C+X2 Cutten, CA, USA",18,227,58,80,1,1,1,1
40.76999999999985,-124.1199999999998,"4082 Lentell Rd, Eureka, CA 95503, USA",14,220,61,124,1,1,1,1
40.76999999999985,-124.1099999999998,"QV9R+X2 Myrtletown, CA, USA",15,225,62,129,1,1,1,1
40.76999999999985,-123.3499999999994,"QM92+X2 Del Loma, CA, USA",82,1431,408,168,2,0,0,0
40.76999999999985,-123.3399999999994,"181 Carrie-Hayden Rd, Big Bar, CA 96010, USA",82,1431,408,168,2,0,0,0
40.76999999999985,-123.3299999999994,"QM99+XX Del Loma, CA, USA",81,1432,409,167,2,0,0,0
40.76999999999985,-123.3199999999994,"QM9J+X2 Del Loma, CA, USA",80,1438,409,173,2,0,0,0
40.76999999999985,-123.14999999999932,"QR9X+XX Junction City, CA, USA",105,1800,495,236,2,0,0,0
40.76999999999985,-123.1399999999993,"QV95+XX Junction City, CA, USA",96,1740,470,189,2,0,0,0
40.76999999999985,-123.1199999999993,"QV9H+XX Junction City, CA, USA",98,1740,476,192,2,0,0,0
40.76999999999985,-123.10999999999927,"QV9R+X2 Junction City, CA, USA",99,1740,478,197,2,0,0,0
40.76999999999985,-123.09999999999928,"QV9X+XX Junction City, CA, USA",101,1800,484,196,2,0,0,0
40.76999999999985,-123.08999999999928,"QW95+XX Junction City, CA, USA",101,1800,486,189,2,0,0,0
40.76999999999985,-123.07999999999927,"QW9C+X2 Junction City, CA, USA",104,1800,492,204,2,0,0,0
40.76999999999985,-123.06999999999928,"QW9H+XX Junction City, CA, USA",105,1860,492,209,2,0,0,0
40.76999999999985,-123.05999999999926,"QW9R+X2 Junction City, CA, USA",110,1860,505,220,2,0,0,0
40.779999999999845,-124.20999999999984,"Samoa Field Airport (O33), 900 New Navy Base Rd, Eureka, CA 95501, USA",16,245,60,228,1,1,1,0
40.779999999999845,-124.19999999999985,"QRJ2+22 Eureka, CA, USA",17,246,60,229,1,1,1,0
40.779999999999845,-124.18999999999984,"3300 Broadway St, Eureka, CA 95501, USA",19,248,58,38,1,1,1,1
40.779999999999845,-124.17999999999984,"3125 Central Ave, Eureka, CA 95503, USA",17,242,58,47,1,1,1,1
40.779999999999845,-124.16999999999985,"3123 Ingley St, Eureka, CA 95503, USA",16,233,55,54,1,1,1,1
40.779999999999845,-124.15999999999984,"802 Harris St, Eureka, CA 95503, USA",14,222,50,55,1,1,1,1
40.779999999999845,-124.14999999999982,"3125 R St, Eureka, CA 95503, USA",14,212,49,58,1,1,1,1
40.779999999999845,-124.13999999999982,"3122 Harrison Ave, Eureka, CA 95503, USA",14,216,49,51,1,1,1,1
40.779999999999845,-124.1299999999998,"3455 Harris St, Eureka, CA 95503, USA",13,205,50,62,1,1,1,1
40.779999999999845,-124.1199999999998,"QVJJ+22 Myrtletown, CA, USA",12,196,56,88,1,1,1,1
40.779999999999845,-124.1099999999998,"2855 Wolf Ln, Eureka, CA 95503, USA",12,185,61,123,1,1,1,1
40.779999999999845,-123.3499999999994,"QMJ2+22 Del Loma, CA, USA",78,1398,400,186,2,0,0,0
40.779999999999845,-123.3399999999994,"QMJ6+22 Del Loma, CA, USA",83,1433,409,170,2,0,0,0
40.779999999999845,-123.3299999999994,"QMJ9+2X Del Loma, CA, USA",80,1424,406,162,2,0,0,0
40.779999999999845,-123.3199999999994,"QMJJ+22 Del Loma, CA, USA",81,1440,410,180,2,0,0,0
40.779999999999845,-123.3099999999994,"9477 CA-299, Big Bar, CA 96010, USA",81,1440,413,191,2,0,0,0
40.779999999999845,-123.14999999999932,"QRJX+2X Junction City, CA, USA",104,1800,491,235,2,0,0,0
40.779999999999845,-123.1399999999993,"QVJ5+2X Junction City, CA, USA",103,1800,488,220,2,0,0,0
40.779999999999845,-123.1299999999993,"QVJC+22 Junction City, CA, USA",100,1740,478,200,2,0,0,0
40.779999999999845,-123.1199999999993,"QVJH+2X Junction City, CA, USA",102,1800,481,213,2,0,0,0
40.779999999999845,-123.10999999999927,"QVJR+22 Junction City, CA, USA",106,1800,488,241,2,0,0,0
40.779999999999845,-123.09999999999928,"QVJX+2X Junction City, CA, USA",107,1800,490,267,2,0,0,0
40.779999999999845,-123.08999999999928,"QWJ5+2X Junction City, CA, USA",101,1800,486,189,2,0,0,0
40.779999999999845,-123.07999999999927,"QWJC+22 Junction City, CA, USA",105,1860,492,209,2,0,0,0
40.779999999999845,-123.06999999999928,"QWJH+2X Junction City, CA, USA",111,1920,517,290,2,0,0,0
40.78999999999984,-124.19999999999985,"QRQ2+X2 Fairhaven, CA, USA",16,229,56,185,1,1,1,0
40.78999999999984,-124.18999999999984,"1200 W Del Norte St, Eureka, CA 95501, USA",15,222,51,40,1,1,1,1
40.78999999999984,-124.17999999999984,"1934 Broadway St, Eureka, CA 95501, USA",14,224,55,32,1,1,1,1
40.78999999999984,-124.16999999999985,"1926 B St, Eureka, CA 95501, USA",15,218,52,42,1,1,1,1
40.78999999999984,-124.15999999999984,"1923 I St, Eureka, CA 95501, USA",13,207,47,49,1,1,1,1
40.78999999999984,-124.14999999999982,"1940 S St, Eureka, CA 95501, USA",12,197,46,43,1,1,1,1
40.78999999999984,-124.13999999999982,"1908 Harrison Ave, Eureka, CA 95501, USA",12,201,46,47,1,1,1,1
40.78999999999984,-124.1299999999998,"3325 Edgewood Rd, Eureka, CA 95501, USA",12,208,47,69,1,1,1,1
40.78999999999984,-124.1199999999998,"QVQJ+X2 Myrtletown, CA, USA",14,219,52,80,1,1,1,1
40.78999999999984,-124.1099999999998,"QVQR+X2 Myrtletown, CA, USA",12,182,57,109,1,1,1,1
40.78999999999984,-123.3399999999994,"QMQ6+X2 Del Loma, CA, USA",79,1409,403,174,2,0,0,0
40.78999999999984,-123.3299999999994,"QMQ9+XX Del Loma, CA, USA",79,1413,403,170,2,0,0,0
40.78999999999984,-123.3199999999994,"QMQJ+X2 Del Loma, CA, USA",103,1620,454,326,2,0,0,0
40.79999999999984,-124.19999999999985,"RR22+22 Fairhaven, CA, USA",15,218,55,205,1,1,1,0
40.79999999999984,-124.18999999999984,"RR25+2X Eureka, CA, USA",15,209,52,135,1,1,1,1
40.79999999999984,-124.17999999999984,"590 Waterfront Dr, Eureka, CA 95501, USA",15,209,48,46,1,1,1,1
40.79999999999984,-124.16999999999985,"27 7th St, Eureka, CA 95501, USA",13,204,49,29,1,1,1,1
40.79999999999984,-124.15999999999984,"810 K St, Eureka, CA 95501, USA",12,194,46,27,1,1,1,1
40.79999999999984,-124.14999999999982,"Burre Center, Eureka, CA 95501, USA",10,180,42,26,1,1,1,1
40.79999999999984,-124.13999999999982,"1225 Bay St, Eureka, CA 95501, USA",11,195,45,41,1,1,1,1
40.79999999999984,-124.1299999999998,"1101 Marsh Rd, Eureka, CA 95501, USA",14,211,49,56,1,1,1,1
40.79999999999984,-124.1199999999998,"RV2J+22 Myrtletown, CA, USA",16,220,51,102,1,1,1,1
40.79999999999984,-124.1099999999998,"RV2R+22 Eureka, CA, USA",14,196,60,147,1,1,1,1
40.79999999999984,-124.00999999999976,"RX2R+22 Jacoby Creek, Eureka, CA, USA",12,194,47,23,1,1,1,1
40.79999999999984,-123.99999999999974,"R222+22 Jacoby Creek, Eureka, CA, USA",12,194,47,23,1,1,1,1
40.80999999999984,-124.18999999999984,"RR65+2X Samoa, CA, USA",14,197,49,179,1,1,1,0
40.80999999999984,-124.17999999999984,"RR6C+22 Eureka, CA, USA",16,185,46,100,1,1,1,1
40.80999999999984,-124.16999999999985,"1493 Fay Ave, Samoa, CA 95564, USA",15,197,46,34,1,1,1,1
40.80999999999984,-124.15999999999984,"300 Startare Dr, Eureka, CA 95501, USA",12,186,46,35,1,1,1,1
40.80999999999984,-124.14999999999982,"RV62+22 Eureka, CA, USA",11,174,40,33,1,1,1,1
40.80999999999984,-124.13999999999982,"RV65+2X Eureka, CA, USA",10,161,37,35,1,1,1,1
40.80999999999984,-124.1299999999998,"RV6C+22 Eureka, CA, USA",10,150,34,46,1,1,1,1
40.80999999999984,-124.1199999999998,"RV6J+22 Eureka, CA, USA",7,131,30,157,1,1,1,1
40.80999999999984,-124.03999999999976,"RX66+22 Jacoby Creek, Eureka, CA, USA",12,194,47,23,1,1,1,1
40.80999999999984,-124.02999999999976,"RX69+2X Jacoby Creek, Eureka, CA, USA",12,194,47,23,1,1,1,1
40.80999999999984,-124.00999999999976,"RX6R+22 Jacoby Creek, Eureka, CA, USA",12,194,47,23,1,1,1,1
40.80999999999984,-123.99999999999974,"R262+22 Jacoby Creek, Eureka, CA, USA",12,194,47,23,1,1,1,1
40.80999999999984,-123.97999999999972,"R269+2X Jacoby Creek, Eureka, CA, USA",12,194,47,23,1,1,1,1
40.80999999999984,-123.49999999999947,"166 Stage Coach Dr, Burnt Ranch, CA 95527, USA",74,1218,359,186,2,0,0,0
40.80999999999984,-123.48999999999948,"973 Pony Express Way, Burnt Ranch, CA 95527, USA",71,1214,354,183,2,0,0,0
40.80999999999984,-123.47999999999948,"200 Burnt Ranch School Rd, Burnt Ranch, CA 95527, USA",68,1200,351,169,2,0,0,0
40.80999999999984,-123.46999999999947,"RG6J+22 Burnt Ranch, CA, USA",68,1213,357,181,2,0,0,0
40.81999999999984,-124.16999999999985,"RR9J+X2 Eureka, CA, USA",11,171,48,67,1,1,1,1
40.81999999999984,-124.15999999999984,"RR9R+X2 Eureka, CA, USA",11,179,46,47,1,1,1,1
40.81999999999984,-124.14999999999982,"RV92+X2 Eureka, CA, USA",11,185,45,41,1,1,1,1
40.81999999999984,-124.13999999999982,"RV95+XX Eureka, CA, USA",11,171,39,34,1,1,1,1
40.81999999999984,-124.03999999999976,"RX96+X2 Jacoby Creek, Eureka, CA, USA",12,194,47,23,1,1,1,1
40.81999999999984,-124.01999999999975,"RX9J+X2 Jacoby Creek, Eureka, CA, USA",12,194,47,23,1,1,1,1
40.81999999999984,-124.00999999999976,"RX9R+X2 Jacoby Creek, Eureka, CA, USA",12,194,47,23,1,1,1,1
40.81999999999984,-123.98999999999974,"R296+X2 Jacoby Creek, Eureka, CA, USA",12,194,47,23,1,1,1,1
40.81999999999984,-123.97999999999972,"R299+XX Jacoby Creek, Eureka, CA, USA",12,194,47,23,1,1,1,1
40.81999999999984,-123.49999999999947,"1211 Hennessey Rd, Burnt Ranch, CA 95527, USA",70,1201,354,170,2,0,0,0
40.81999999999984,-123.48999999999948,"505 Hennessey Rd, Burnt Ranch, CA 95527, USA",68,1189,351,157,2,0,0,1
40.81999999999984,-123.47999999999948,"RG99+XX Burnt Ranch, CA, USA",66,1181,346,149,2,0,0,1
40.81999999999984,-123.46999999999947,"RG9J+X2 Burnt Ranch, CA, USA",66,1185,347,153,2,0,0,1
40.81999999999984,-123.45999999999948,"RG9Q+XX Burnt Ranch, CA, USA",68,1202,355,171,2,0,0,0
40.81999999999984,-123.05999999999926,"1321 Orchard Ln, Big Bar, CA 96010, USA",94,1620,447,209,2,0,0,0
40.82999999999984,-124.17999999999984,"RRHC+X2 Samoa, CA, USA",10,155,38,40,1,1,1,1
40.82999999999984,-124.16999999999985,"RRHJ+X2 Eureka, CA, USA",11,153,38,39,1,1,1,1
40.82999999999984,-124.15999999999984,"RRHR+X2 Eureka, CA, USA",11,153,38,39,1,1,1,1
40.82999999999984,-124.02999999999976,"RXH9+XX Jacoby Creek, Eureka, CA, USA",12,194,47,23,1,1,1,1
40.82999999999984,-124.01999999999975,"RXHJ+X2 Jacoby Creek, Eureka, CA, USA",12,194,47,23,1,1,1,1
40.82999999999984,-124.00999999999976,"RXHR+X2 Jacoby Creek, Eureka, CA, USA",12,194,47,23,1,1,1,1
40.82999999999984,-123.99999999999974,"R2H2+X2 Jacoby Creek, Eureka, CA, USA",12,194,47,23,1,1,1,1
40.82999999999984,-123.98999999999974,"R2H6+X2 Jacoby Creek, Eureka, CA, USA",12,194,47,23,1,1,1,1
40.82999999999984,-123.97999999999972,"R2H9+XX Jacoby Creek, Eureka, CA, USA",12,194,47,23,1,1,1,1
40.82999999999984,-123.5099999999995,"RFHQ+XX Burnt Ranch, CA, USA",72,1213,357,193,2,0,0,0
40.82999999999984,-123.49999999999947,"871 Dennis Blvd, Burnt Ranch, CA 95527, USA",68,1172,344,160,2,0,0,1
40.82999999999984,-123.48999999999948,"9778 CA-299, Burnt Ranch, CA 95527, USA",66,1165,342,146,2,0,0,1
40.82999999999984,-123.47999999999948,"RGH9+XX Burnt Ranch, CA, USA",67,1184,351,165,2,0,0,0
40.82999999999984,-123.46999999999947,"RGHJ+X2 Burnt Ranch, CA, USA",67,1195,356,175,2,0,0,0
40.83999999999983,-124.18999999999984,"RRR5+2X Samoa, CA, USA",12,149,39,32,1,1,1,1
40.83999999999983,-124.17999999999984,"RRRC+22 Manila, CA, USA",12,149,39,32,1,1,1,1
40.83999999999983,-124.16999999999985,"1490 Peninsula Dr, Arcata, CA 95521, USA",10,138,36,21,1,1,1,1
40.83999999999983,-124.15999999999984,"RRRR+22 Manila, CA, USA",9,132,34,32,1,1,1,1
40.83999999999983,-124.14999999999982,"RVR2+22 Eureka, CA, USA",10,124,32,23,1,1,1,1
40.83999999999983,-124.1199999999998,"RVRJ+22 Arcata, CA, USA",7,41,10,41,1,1,1,1
40.83999999999983,-124.1099999999998,"RVRR+22 Arcata, CA, USA",7,52,13,52,1,1,1,1
40.83999999999983,-124.0999999999998,"RWR2+22 Jacoby Creek, Eureka, CA, USA",6,52,13,52,1,1,1,1
40.83999999999983,-124.05999999999976,"2611 Jacoby Creek Rd, Bayside, CA 95524, USA",6,58,15,58,1,1,1,1
40.83999999999983,-124.03999999999976,"RXR6+22 Jacoby Creek, Eureka, CA, USA",12,194,47,23,1,1,1,1
40.83999999999983,-124.02999999999976,"RXR9+2X Jacoby Creek, Eureka, CA, USA",12,194,47,23,1,1,1,1
40.83999999999983,-124.01999999999975,"RXRJ+22 Jacoby Creek, Eureka, CA, USA",12,194,47,23,1,1,1,1
40.83999999999983,-124.00999999999976,"RXRR+22 Jacoby Creek, Eureka, CA, USA",12,194,47,23,1,1,1,1
40.83999999999983,-123.99999999999974,"R2R2+22 Jacoby Creek, Eureka, CA, USA",12,194,47,23,1,1,1,1
40.83999999999983,-123.98999999999974,"R2R6+22 Jacoby Creek, Eureka, CA, USA",12,194,47,23,1,1,1,1
40.83999999999983,-123.97999999999972,"R2R9+2X Jacoby Creek, Eureka, CA, USA",12,194,47,23,1,1,1,1
40.83999999999983,-123.49999999999947,"RGR2+22 Burnt Ranch, CA, USA",69,1181,354,193,2,0,0,0
40.83999999999983,-123.48999999999948,"420 Mc Connaha Rd, Burnt Ranch, CA 95527, USA",66,1154,341,166,2,0,0,0
40.83999999999983,-123.47999999999948,"RGR9+2X Burnt Ranch, CA, USA",63,1144,337,165,2,1,0,0
40.83999999999983,-123.46999999999947,"RGRJ+22 Burnt Ranch, CA, USA",63,1138,336,172,2,1,0,0
40.84999999999983,-124.18999999999984,"RRX5+XX Manila, CA, USA",12,150,39,33,1,1,1,1
40.84999999999983,-124.17999999999984,"RRXC+X2 Manila, CA, USA",10,130,35,25,1,1,1,1
40.84999999999983,-124.16999999999985,"RRXJ+X2 Manila, CA, USA",11,124,33,23,1,1,1,1
40.84999999999983,-124.15999999999984,"1812 Victor Blvd, Arcata, CA 95521, USA",10,122,32,20,1,1,1,1
40.84999999999983,-124.14999999999982,"RVX2+X2 Manila, CA, USA",11,124,32,22,1,1,1,1
40.84999999999983,-124.13999999999982,"RVX5+XX Arcata, CA, USA",11,124,32,22,1,1,1,1
40.84999999999983,-124.1099999999998,"RVXR+X2 Arcata, CA, USA",7,41,10,41,1,1,1,1
40.84999999999983,-124.0999999999998,"RWX2+X2 Arcata, CA, USA",7,43,11,43,1,1,1,1
40.84999999999983,-124.0899999999998,"RWX6+X2 Arcata, CA, USA",5,47,12,42,1,1,1,1
40.84999999999983,-124.0799999999998,"RWXC+X2 Arcata, CA, USA",2,47,12,42,1,1,1,1
40.84999999999983,-124.06999999999978,"1365 Old Arcata Rd, Arcata, CA 95521, USA",4,39,11,39,1,1,1,1
40.84999999999983,-124.05999999999976,"2055 Golf Course Rd, Bayside, CA 95524, USA",7,59,16,59,1,1,1,1
40.84999999999983,-124.04999999999976,"3500 Hadley Pl, Arcata, CA 95521, USA",7,61,15,39,1,1,1,1
40.84999999999983,-124.01999999999975,"RXXJ+X2 Jacoby Creek, Eureka, CA, USA",12,194,47,23,1,1,1,1
40.84999999999983,-124.00999999999976,"RXXR+X2 Jacoby Creek, Eureka, CA, USA",12,194,47,23,1,1,1,1
40.84999999999983,-123.98999999999974,"R2X6+X2 Jacoby Creek, Eureka, CA, USA",12,194,47,23,1,1,1,1
40.85999999999983,-124.17999999999984,"VR6C+22 Manila, CA, USA",10,119,32,42,1,1,1,1
40.85999999999983,-124.16999999999985,"VR6J+22 Manila, CA, USA",9,119,32,42,1,1,1,1
40.85999999999983,-124.15999999999984,"2123 Peninsula Dr, Arcata, CA 95521, USA",8,106,28,30,1,1,1,1
40.85999999999983,-124.14999999999982,"VV62+22 Manila, CA, USA",7,97,26,38,1,1,1,1
40.85999999999983,-124.1199999999998,"VV6J+22 Arcata, CA, USA",7,62,16,40,1,1,1,1
40.85999999999983,-124.1099999999998,"VV6R+22 Arcata, CA, USA",7,51,14,33,1,1,1,1
40.85999999999983,-124.0999999999998,"VW62+22 Arcata, CA, USA",6,37,10,32,1,1,1,1
40.85999999999983,-124.0899999999998,"47 S G St, Arcata, CA 95521, USA",3,27,7,27,1,1,1,1
40.85999999999983,-124.0799999999998,"255 Samoa Blvd, Arcata, CA 95521, USA",3,22,8,22,1,1,1,1
40.85999999999983,-124.06999999999978,"250 Grotzman Ln, Arcata, CA 95521, USA",4,29,8,30,1,1,1,1
40.85999999999983,-124.05999999999976,"1871 Panorama Dr, Arcata, CA 95521, USA",6,45,12,45,1,1,1,1
40.85999999999983,-124.04999999999976,"VX62+22 Arcata, CA, USA",7,52,13,52,1,1,1,1
40.85999999999983,-124.03999999999976,"2635 Fickle Hill Rd, Arcata, CA 95521, USA",7,58,14,58,1,1,1,1
40.85999999999983,-124.02999999999976,"VX69+2X Jacoby Creek, Eureka, CA, USA",12,194,47,23,1,1,1,1
40.85999999999983,-124.01999999999975,"VX6J+22 Jacoby Creek, Eureka, CA, USA",12,194,47,23,1,1,1,1
40.85999999999983,-124.00999999999976,"VX6R+22 Jacoby Creek, Eureka, CA, USA",12,194,47,23,1,1,1,1
40.85999999999983,-123.99999999999974,"V262+22 Jacoby Creek, Eureka, CA, USA",12,194,47,23,1,1,1,1
40.85999999999983,-123.98999999999974,"V266+22 Jacoby Creek, Eureka, CA, USA",12,194,47,23,1,1,1,1
40.85999999999983,-123.53999999999952,"VF65+2X Trinity Village, CA, USA",80,1190,374,318,2,0,0,0
40.85999999999983,-123.5299999999995,"VF69+2X Trinity Village, CA, USA",79,1185,372,313,2,0,0,0
40.85999999999983,-123.5199999999995,"VF6J+22 Trinity Village, CA, USA",60,1085,326,147,2,1,0,1
40.85999999999983,-123.5099999999995,"6 CA-299, Burnt Ranch, CA 95527, USA",60,1095,328,157,2,1,0,1
40.86999999999983,-124.1199999999998,"VVCJ+22 Pacific, Arcata, CA, USA",5,57,15,39,1,1,1,1
40.86999999999983,-124.1099999999998,"VVCR+22 Pacific, Arcata, CA, USA",5,46,12,28,1,1,1,1
40.86999999999983,-124.0999999999998,"668 Villa Way, Arcata, CA 95521, USA",6,34,8,27,1,1,1,1
40.86999999999983,-124.0899999999998,"1088 9th St, Arcata, CA 95521, USA",4,18,4,18,1,1,1,1
40.86999999999983,-124.0799999999998,"237 12th St, Arcata, CA 95521, USA",1,3,1,3,1,1,1,1
40.86999999999983,-124.06999999999978,"VWCJ+22 Arcata, CA, USA",3,14,5,14,1,1,1,1
40.86999999999983,-124.05999999999976,"1217 Fickle Hill Rd, Arcata, CA 95521, USA",4,31,8,31,1,1,1,1
40.86999999999983,-124.04999999999976,"VXC2+22 Arcata, CA, USA",7,47,11,47,1,1,1,1
40.86999999999983,-124.03999999999976,"VXC6+22 Arcata, CA, USA",8,56,13,56,1,1,1,1
40.86999999999983,-124.02999999999976,"VXC9+2X Jacoby Creek, Eureka, CA, USA",12,194,47,23,1,1,1,1
40.86999999999983,-124.01999999999975,"VXCJ+22 Jacoby Creek, Eureka, CA, USA",12,194,47,23,1,1,1,1
40.86999999999983,-124.00999999999976,"VXCR+22 Blue Lake, CA, USA",14,162,37,67,1,1,1,1
40.86999999999983,-123.99999999999974,"V2C2+22 Blue Lake, CA, USA",13,169,39,54,1,1,1,1
40.86999999999983,-123.98999999999974,"V2C6+22 Blue Lake, CA, USA",12,195,44,44,1,1,1,1
40.86999999999983,-123.97999999999972,"264 Maple Creek Rd, Korbel, CA 95550, USA",11,216,49,50,1,1,1,1
40.86999999999983,-123.53999999999952,"VFC5+2X Trinity Village, CA, USA",58,1057,319,154,2,1,0,1
40.86999999999983,-123.5299999999995,"VFC9+2X Trinity Village, CA, USA",59,1068,323,145,2,1,0,1
40.86999999999983,-123.5199999999995,"50 Denny Rd, Salyer, CA 95563, USA",60,1077,325,138,2,1,0,1
40.86999999999983,-123.5099999999995,"VFCQ+2X Trinity Village, CA, USA",66,1135,344,196,2,1,0,0
40.86999999999983,-123.49999999999947,"1260 Fisher Rd, Salyer, CA 95563, USA",65,1117,339,178,2,1,0,0
40.87999999999983,-124.1199999999998,"4444 Polaris Ln, Arcata, CA 95521, USA",8,57,14,57,1,1,1,1
40.87999999999983,-124.1099999999998,"3104 Bay School Rd, Arcata, CA 95521, USA",6,45,11,35,1,1,1,1
40.87999999999983,-124.0999999999998,"1730 Janes Rd, Arcata, CA 95521, USA",5,35,9,25,1,1,1,1
40.87999999999983,-124.0899999999998,"2040 Eastern Ave, Arcata, CA 95521, USA",3,14,4,14,1,1,1,1
40.87999999999983,-124.0799999999998,"480 Granite Ave, Arcata, CA 95521, USA",1,1,1,1,1,1,1,1
40.87999999999983,-124.06999999999978,"420 E California Ave, Arcata, CA 95521, USA",3,21,6,21,1,1,1,1
40.87999999999983,-124.05999999999976,"VWHR+X2 Arcata, CA, USA",4,40,12,40,1,1,1,1
40.87999999999983,-124.04999999999976,"VXH2+X2 Arcata, CA, USA",11,53,17,53,1,1,1,1
40.87999999999983,-124.01999999999975,"12735 West End Rd, Arcata, CA 95521, USA",14,140,33,89,1,1,1,1
40.87999999999983,-124.00999999999976,"VXHR+X2 Blue Lake, CA, USA",15,146,34,76,1,1,1,1
40.87999999999983,-123.99999999999974,"399 Taylor Way, Blue Lake, CA 95525, USA",12,200,46,41,1,1,1,1
40.87999999999983,-123.98999999999974,"170 Hatchery Rd, Blue Lake, CA 95525, USA",11,194,44,30,1,1,1,1
40.87999999999983,-123.97999999999972,"127 Acacia Dr, Blue Lake, CA 95525, USA",11,207,47,42,1,1,1,1
40.87999999999983,-123.96999999999971,"1019 Blue Lake Blvd, Blue Lake, CA 95525, USA",12,233,52,67,1,1,1,1
40.87999999999983,-123.59999999999954,"VCH2+X2 Salyer, CA, USA",56,976,413,178,2,1,0,0
40.87999999999983,-123.58999999999952,"VCH5+XX Salyer, CA, USA",56,982,303,170,2,1,1,0
40.87999999999983,-123.57999999999952,"VCHC+X2 Salyer, CA, USA",56,991,307,146,2,1,1,1
40.87999999999983,-123.53999999999952,"101 W Suzy Q Rd, Salyer, CA 95563, USA",59,1054,318,163,2,1,0,0
40.87999999999983,-123.5299999999995,"188 S Suzy Q Rd, Salyer, CA 95563, USA",64,1072,325,181,2,1,0,0
40.87999999999983,-123.5199999999995,"320 Coon Crk Rd, Salyer, CA 95563, USA",64,1117,339,178,2,1,0,0
40.87999999999983,-123.5099999999995,"VFHQ+XX Trinity Village, CA, USA",63,1113,337,173,2,1,0,0
40.88999999999982,-124.1199999999998,"VVQJ+X2 Pacific, Arcata, CA, USA",8,60,16,60,1,1,1,1
40.88999999999982,-124.1099999999998,"VVQR+X2 Pacific, Arcata, CA, USA",8,45,13,33,1,1,1,1
40.88999999999982,-124.0999999999998,"2440 27th St, Arcata, CA 95521, USA",6,36,10,24,1,1,1,1
40.88999999999982,-124.0899999999998,"3389 Spear Ave, Arcata, CA 95521, USA",4,28,7,28,1,1,1,1
40.88999999999982,-124.0799999999998,"3000 St Louis Rd, Arcata, CA 95521, USA",2,19,4,19,1,1,1,1
40.88999999999982,-124.06999999999978,"VWQJ+X2 Pacific, Arcata, CA, USA",3,23,6,23,1,1,1,1
40.88999999999982,-124.05999999999976,"1378 Alder Grove Rd, Arcata, CA 95521, USA",8,71,17,54,1,1,1,1
40.88999999999982,-124.00999999999976,"VXQR+X2 Blue Lake, CA, USA",9,248,58,69,1,1,1,1
40.88999999999982,-123.99999999999974,"2950 Glendale Dr, McKinleyville, CA 95519, USA",9,217,51,39,1,1,1,1
40.88999999999982,-123.98999999999974,"511 Elgar Rd, Blue Lake, CA 95525, USA",11,223,51,52,1,1,1,1
40.88999999999982,-123.97999999999972,"730 Buckley Rd, Blue Lake, CA 95525, USA",11,227,52,56,1,1,1,1
40.88999999999982,-123.93999999999971,"CA-299, Blue Lake, CA 95525, USA",8,208,48,33,1,1,1,1
40.88999999999982,-123.59999999999954,"Hlel-Din River Access, CA-299, Willow Creek, CA 95563, USA",52,963,297,152,2,1,1,1
40.88999999999982,-123.58999999999952,"VCQ5+XX Salyer, CA, USA",53,971,299,143,2,1,1,1
40.88999999999982,-123.57999999999952,"VCQC+X2 Salyer, CA, USA",56,994,305,138,2,1,1,1
40.88999999999982,-123.56999999999952,"VCQJ+X2 Salyer, CA, USA",55,1003,305,148,2,1,1,1
40.89999999999982,-124.1099999999998,"WV2R+22 Pacific, Arcata, CA, USA",6,55,13,36,1,1,1,1
40.89999999999982,-124.0999999999998,"WW22+22 Pacific, Arcata, CA, USA",6,49,12,29,1,1,1,1
40.89999999999982,-124.0899999999998,"3718 Quarter Way, Arcata, CA 95521, USA",4,48,12,18,1,1,1,1
40.89999999999982,-124.0799999999998,"4683 Mc Kinnon Ct, Arcata, CA 95521, USA",6,70,14,15,1,1,1,1
40.89999999999982,-124.06999999999978,"105 Alder Grove Rd, Arcata, CA 95521, USA",4,43,10,25,1,1,1,1
40.89999999999982,-124.05999999999976,"WW2R+22 Arcata, CA, USA",6,55,14,38,1,1,1,1
40.89999999999982,-124.04999999999976,"WX22+22 Pacific, Arcata, CA, USA",9,90,21,70,1,1,1,1
40.89999999999982,-123.99999999999974,"W222+22 Blue Lake, CA, USA",10,243,58,65,1,1,1,1
40.89999999999982,-123.98999999999974,"1117 Liscom Hill Rd, McKinleyville, CA 95519, USA",11,253,61,74,1,1,1,1
40.89999999999982,-123.9199999999997,"CA-299, Blue Lake, CA 95525, USA",8,208,48,33,1,1,1,1
40.89999999999982,-123.59999999999954,"WC22+22 Salyer, CA, USA",63,1027,332,217,2,1,0,0
40.89999999999982,-123.58999999999952,"578 Salyer Loop Rd, Salyer, CA 95563, USA",56,1003,308,149,2,1,1,1
40.89999999999982,-123.57999999999952,"184 Jurin Ln, Salyer, CA 95563, USA",58,1018,314,164,2,1,1,0
40.89999999999982,-123.56999999999952,"11 Quimby Rd, Salyer, CA 95563, USA",58,1021,313,167,2,1,1,0
40.90999999999982,-124.1099999999998,"WV5R+X2 Pacific, Arcata, CA, USA",6,69,16,45,1,1,1,1
40.90999999999982,-124.0999999999998,"3105 Miller Ln, Arcata, CA 95521, USA",5,64,15,36,1,1,1,1
40.90999999999982,-124.0899999999998,"5601 Heindon Rd, Arcata, CA 95521, USA",5,60,14,28,1,1,1,1
40.90999999999982,-124.0799999999998,"WW5C+X2 McKinleyville, CA, USA",6,68,16,24,1,1,1,1
40.90999999999982,-124.06999999999978,"5150 Boyd Rd, Arcata, CA 95521, USA",6,78,14,30,1,1,1,1
40.90999999999982,-124.05999999999976,"3342 N Bank Rd, McKinleyville, CA 95519, USA",5,135,32,85,1,1,1,1
40.90999999999982,-123.62999999999955,"W95C+X2 Willow Creek, CA, USA",71,1073,393,293,2,1,0,0
40.90999999999982,-123.61999999999956,"201 Enchanted Springs Ln, Willow Creek, CA 95573, USA",53,926,291,146,2,1,1,1
40.90999999999982,-123.60999999999954,"3671 Campbell Ridge Rd, Salyer, CA 95563, USA",61,991,319,280,2,1,0,0
40.90999999999982,-123.59999999999954,"WC52+X2 Salyer, CA, USA",62,999,322,289,2,1,0,0
40.91999999999982,-124.1199999999998,"819 Mad River Rd, Arcata, CA 95521, USA",10,101,23,74,1,1,1,1
40.91999999999982,-124.1099999999998,"WV9R+X2 McKinleyville, CA, USA",6,118,27,44,1,1,1,1
40.91999999999982,-124.0999999999998,"1610 Silva Rd, McKinleyville, CA 95519, USA",5,110,25,37,1,1,1,1
40.91999999999982,-124.0899999999998,"2026 St Maru Ln, McKinleyville, CA 95519, USA",7,103,23,52,1,1,1,1
40.91999999999982,-124.0799999999998,"2415 Chapel Hill Rd, McKinleyville, CA 95519, USA",7,114,26,64,1,1,1,1
40.91999999999982,-124.06999999999978,"868 Hunts Dr, McKinleyville, CA 95519, USA",8,135,31,97,1,1,1,1
40.91999999999982,-123.63999999999956,"W995+XX Willow Creek, CA, USA",73,1083,394,304,2,1,0,0
40.91999999999982,-123.62999999999955,"W99C+X2 Willow Creek, CA, USA",52,908,288,144,2,1,1,1
40.91999999999982,-123.61999999999956,"40600 CA-299, Willow Creek, CA 95573, USA",49,904,285,127,2,1,1,1
40.91999999999982,-123.60999999999954,"W99R+X2 Salyer, CA, USA",59,971,311,238,2,1,1,0
40.91999999999982,-123.59999999999954,"WC92+X2 Salyer, CA, USA",59,970,310,259,2,1,1,0
40.929999999999815,-124.1199999999998,"1360 Whitmire Ave, McKinleyville, CA 95519, USA",8,129,29,48,1,1,1,1
40.929999999999815,-124.1099999999998,"1450 Greenacres Rd, McKinleyville, CA 95519, USA",7,135,32,38,1,1,1,1
40.929999999999815,-124.0999999999998,"1340 Brady Ct, McKinleyville, CA 95519, USA",6,116,27,28,1,1,1,1
40.929999999999815,-124.0899999999998,"2109 Cochran Rd, McKinleyville, CA 95519, USA",11,124,30,37,1,1,1,1
40.929999999999815,-124.0799999999998,"1391 Azalea Ave, McKinleyville, CA 95519, USA",9,131,32,47,1,1,1,1
40.929999999999815,-123.67999999999958,"PM 35.68, Willow Creek, CA 95573, USA",47,869,276,69,1,1,1,1
40.929999999999815,-123.64999999999957,"W9J2+22 Willow Creek, CA, USA",75,1094,398,296,2,1,0,0
40.929999999999815,-123.63999999999956,"W9J5+2X Willow Creek, CA, USA",74,1093,398,294,2,1,0,0
40.929999999999815,-123.62999999999955,"W9JC+22 Willow Creek, CA, USA",50,885,280,87,2,1,1,1
40.929999999999815,-123.61999999999956,"270 Baldwin Creek Rd, Salyer, CA 95563, USA",56,950,303,151,2,1,1,1
40.929999999999815,-123.60999999999954,"W9JR+22 Willow Creek, CA, USA",55,941,299,207,2,1,1,0
40.93999999999981,-124.1299999999998,"1892 Ocean Dr, McKinleyville, CA 95519, USA",8,137,31,47,1,1,1,1
40.93999999999981,-124.1199999999998,"1930 Berg Ave, McKinleyville, CA 95519, USA",10,137,31,37,1,1,1,1
40.93999999999981,-124.1099999999998,"1951 Elmwood Pl, McKinleyville, CA 95519, USA",8,134,33,30,1,1,1,1
40.93999999999981,-124.0999999999998,"1901 Central Ave, McKinleyville, CA 95519, USA",8,126,29,26,1,1,1,1
40.93999999999981,-124.0899999999998,"1911 A Ave, McKinleyville, CA 95519, USA",9,137,31,38,1,1,1,1
40.93999999999981,-124.0799999999998,"WWQC+X2 McKinleyville, CA, USA",10,145,33,46,1,1,1,1
40.93999999999981,-123.64999999999957,"W9Q2+X2 Willow Creek, CA, USA",48,854,274,99,1,1,1,1
40.93999999999981,-123.63999999999956,"W9Q5+XX Willow Creek, CA, USA",47,857,271,79,1,1,1,1
40.93999999999981,-123.62999999999955,"91 Mayfair St, Willow Creek, CA 95573, USA",48,872,277,72,1,1,1,1
40.93999999999981,-123.61999999999956,"867 The Terrace Ln, Willow Creek, CA 95573, USA",50,886,282,87,2,1,1,1
40.93999999999981,-123.60999999999954,"W9QR+X2 Willow Creek, CA, USA",53,925,294,126,2,1,1,1
40.94999999999981,-124.1299999999998,"WVXC+X2 McKinleyville, CA, USA",10,143,32,47,1,1,1,1
40.94999999999981,-124.1199999999998,"2449 Bolier Ave, McKinleyville, CA 95519, USA",9,167,38,48,1,1,1,1
40.94999999999981,-124.1099999999998,"2395 McKinleyville Ave, McKinleyville, CA 95519, USA",9,149,35,26,1,1,1,1
40.94999999999981,-124.0999999999998,"2423 Central Ave, McKinleyville, CA 95519, USA",9,140,32,27,1,1,1,1
40.94999999999981,-124.0899999999998,"2090 Babler Rd, McKinleyville, CA 95519, USA",12,150,35,38,1,1,1,1
40.94999999999981,-124.0799999999998,"WWXC+X2 McKinleyville, CA, USA",13,180,48,58,1,1,1,1
40.94999999999981,-123.84999999999968,"22303 CA-299, Blue Lake, CA 95525, USA",7,58,14,28,1,1,1,1
40.94999999999981,-123.64999999999957,"250 Creekside Ln, Willow Creek, CA 95573, USA",51,908,291,109,2,1,1,1
40.94999999999981,-123.63999999999956,"730 CA-96, Willow Creek, CA 95573, USA",50,890,283,90,2,1,1,1
40.94999999999981,-123.62999999999955,"409 Patterson Rd, Willow Creek, CA 95573, USA",50,902,286,103,2,1,1,1
40.94999999999981,-123.61999999999956,"47 Hillcrest Way, Willow Creek, CA 95573, USA",52,903,286,104,2,1,1,1
40.95999999999981,-124.1299999999998,"XV6C+22 McKinleyville, CA, USA",8,158,36,46,1,1,1,1
40.95999999999981,-124.1199999999998,"3057 Sandpointe Dr, McKinleyville, CA 95519, USA",8,163,36,45,1,1,1,1
40.95999999999981,-124.1099999999998,"3011 McKinleyville Ave, McKinleyville, CA 95519, USA",8,165,38,33,1,1,1,1
40.95999999999981,-124.0999999999998,"3008 Eagle Ln, McKinleyville, CA 95519, USA",9,157,41,36,1,1,1,1
40.95999999999981,-124.0899999999998,"XW66+22 McKinleyville, CA, USA",14,179,46,47,1,1,1,1
40.95999999999981,-124.0799999999998,"XW6C+22 McKinleyville, CA, USA",15,240,65,118,1,1,1,1
40.96999999999981,-124.1299999999998,"XV9C+X2 McKinleyville, CA, USA",9,181,40,48,1,1,1,1
40.96999999999981,-124.1199999999998,"XV9J+X2 McKinleyville, CA, USA",9,182,40,48,1,1,1,1
40.96999999999981,-124.1099999999998,"3235 Boeing Ave, McKinleyville, CA 95519, USA",9,186,43,46,1,1,1,1
40.96999999999981,-124.0999999999998,"1632 Lucky Star Ct, McKinleyville, CA 95519, USA",11,171,44,39,1,1,1,1
40.96999999999981,-124.0899999999998,"2055 Ollivier Rd, McKinleyville, CA 95519, USA",12,179,45,47,1,1,1,1
40.96999999999981,-124.0799999999998,"2346 Elizabeth Rd, McKinleyville, CA 95519, USA",14,218,57,136,1,1,1,1
40.979999999999805,-124.1299999999998,"XVHC+X2 McKinleyville, CA, USA",8,197,44,118,1,1,1,1
40.979999999999805,-124.1199999999998,"XVHJ+X2 McKinleyville, CA, USA",8,197,44,62,1,1,1,1
40.979999999999805,-124.1099999999998,"XVHR+X2 McKinleyville, CA, USA",13,197,47,56,1,1,1,1
40.979999999999805,-124.0999999999998,"1615 Balboa Ave, McKinleyville, CA 95519, USA",12,185,47,37,1,1,1,1
40.979999999999805,-124.0899999999998,"115 Archer Rd, McKinleyville, CA 95519, USA",14,197,50,50,1,1,1,1
40.979999999999805,-124.0799999999998,"2250 Arthur Rd, McKinleyville, CA 95519, USA",18,239,63,158,1,1,1,1
40.9899999999998,-124.1299999999998,"XVRC+22 McKinleyville, CA, USA",9,211,48,132,1,1,1,1
40.9899999999998,-124.1199999999998,"XVRJ+22 McKinleyville, CA, USA",9,212,49,134,1,1,1,1
40.9899999999998,-124.1099999999998,"4611 Central Ave #2, McKinleyville, CA 95519, USA",10,204,53,38,1,1,1,1
40.9899999999998,-124.0999999999998,"4661 Dows Prairie Rd, McKinleyville, CA 95519, USA",12,208,57,61,1,1,1,1
40.9899999999998,-124.0899999999998,"2015 Baird Rd, McKinleyville, CA 95519, USA",14,219,60,71,1,1,1,1
40.9899999999998,-124.0799999999998,"4760 Kemp Ave, McKinleyville, CA 95519, USA",17,232,63,85,1,1,1,1
40.9999999999998,-124.1199999999998,"2V2J+22 McKinleyville, CA, USA",10,231,54,132,1,1,1,1
40.9999999999998,-124.1099999999998,"5185 Patrick Creek Dr, McKinleyville, CA 95519, USA",12,227,56,61,1,1,1,1
40.9999999999998,-124.0999999999998,"5211 Dows Prairie Rd, McKinleyville, CA 95519, USA",13,225,60,75,1,1,1,1
40.9999999999998,-124.0899999999998,"2006 Woody Rd, McKinleyville, CA 95519, USA",15,233,61,82,1,1,1,1
41.0099999999998,-124.1099999999998,"Blue Star Memorial Hwy, McKinleyville, CA 95519, USA",11,181,40,47,1,1,1,1
41.0199999999998,-124.1199999999998,"2V9J+X2 McKinleyville, CA, USA",11,259,60,388,1,1,1,0
41.0199999999998,-124.1099999999998,"2V9R+X2 McKinleyville, CA, USA",11,259,60,388,1,1,1,0
41.0199999999998,-124.0999999999998,"2W92+X2 Westhaven-Moonstone, CA, USA",12,261,59,384,1,1,1,0
41.0199999999998,-124.0899999999998,"2W96+X2 Westhaven-Moonstone, CA, USA",18,307,71,326,1,1,1,0
41.0299999999998,-124.1299999999998,"2VJC+22 Westhaven-Moonstone, CA, USA",14,574,67,54,1,1,1,1
41.0299999999998,-124.1199999999998,"2VJJ+22 Westhaven-Moonstone, CA, USA",14,574,67,54,1,1,1,1
41.0299999999998,-124.1099999999998,"44 Metsko Ln, Trinidad, CA 95570, USA",12,573,62,43,1,1,1,1
41.0299999999998,-124.0999999999998,"160 Moonstone Cross Rd, Trinidad, CA 95570, USA",15,585,66,61,1,1,1,1
41.0299999999998,-124.0899999999998,"321 Lois Ln, Trinidad, CA 95570, USA",16,589,67,65,1,1,1,1
41.03999999999979,-124.1299999999998,"2VQC+X2 Westhaven-Moonstone, CA, USA",17,542,70,98,1,1,1,1
41.03999999999979,-124.1199999999998,"1720 Scenic Dr, Trinidad, CA 95570, USA",15,551,68,63,1,1,1,1
41.03999999999979,-124.1099999999998,"960 S Westhaven Dr, Trinidad, CA 95570, USA",14,558,66,54,1,1,1,1
41.03999999999979,-124.0999999999998,"1001 Cedar Ave, Trinidad, CA 95570, USA",16,574,67,60,1,1,1,1
41.03999999999979,-124.0899999999998,"2WQ6+X2 Westhaven-Moonstone, CA, USA",18,582,69,69,1,1,1,1
41.04999999999979,-124.14999999999982,"3V22+22 Trinidad, CA, USA",24,535,89,77,1,1,1,1
41.04999999999979,-124.13999999999982,"3V25+2X Trinidad, CA, USA",16,523,78,67,1,1,1,1
41.04999999999979,-124.1299999999998,"3V2C+22 Westhaven-Moonstone, CA, USA",17,526,73,70,1,1,1,1
41.04999999999979,-124.1199999999998,"1112 N Westhaven Dr, Trinidad, CA 95570, USA",16,536,74,77,1,1,1,1
41.04999999999979,-124.1099999999998,"454 Skyhorse Ln, Trinidad, CA 95570, USA",16,565,69,70,1,1,1,1
41.04999999999979,-124.0999999999998,"130 Brindle Ct, Trinidad, CA 95570, USA",19,586,77,91,1,1,1,1
41.05999999999979,-124.15999999999984,"3R6R+22 Trinidad, CA, USA",21,528,89,71,1,1,1,1
41.05999999999979,-124.14999999999982,"3V62+22 Trinidad, CA, USA",17,520,84,62,1,1,1,1
41.05999999999979,-124.1299999999998,"439 N Westhaven Dr, Trinidad, CA 95570, USA",16,514,81,61,1,1,1,1
41.05999999999979,-124.1199999999998,"3V6J+22 Westhaven-Moonstone, CA, USA",17,523,78,70,1,1,1,1
41.06999999999979,-124.15999999999984,"3R9R+X2 Trinidad, CA, USA",18,542,98,84,1,1,1,1
41.06999999999979,-124.14999999999982,"3V92+X2 Trinidad, CA, USA",17,528,87,70,1,1,1,1
41.06999999999979,-124.13999999999982,"33 Stumptown Rd, Trinidad, CA 95570, USA",16,492,82,62,1,1,1,1
41.06999999999979,-124.1299999999998,"250 Stumptown Rd, Trinidad, CA 95570, USA",17,496,82,65,1,1,1,1
41.06999999999979,-124.1199999999998,"3V9J+X2 Westhaven-Moonstone, CA, USA",18,517,82,64,1,1,1,1
41.079999999999785,-124.13999999999982,"3VJ5+2X Westhaven-Moonstone, CA, USA",18,476,88,51,1,1,1,1
41.11999999999978,-124.15999999999984,"4RCR+22 Sue-meg State Park, CA, USA",21,598,101,56,1,1,1,1
41.11999999999978,-124.14999999999982,"4VC2+22 Sue-meg State Park, CA, USA",20,605,102,59,1,1,1,1
41.129999999999775,-124.16999999999985,"4RHJ+X2 Sue-meg State Park, CA, USA",24,638,112,48,1,1,1,1
41.129999999999775,-124.15999999999984,"4RHR+X2 Sue-meg State Park, CA, USA",23,633,110,44,1,1,1,1
41.129999999999775,-124.14999999999982,"4VH2+X2 Sue-meg State Park, CA, USA",20,617,105,44,1,1,1,1
41.129999999999775,-124.13999999999982,"4VH5+XX Sue-meg State Park, CA, USA",34,498,135,279,1,1,1,0
41.13999999999977,-124.16999999999985,"4RQJ+X2 Sue-meg State Park, CA, USA",24,647,117,57,1,1,1,1
41.13999999999977,-124.15999999999984,"4RQR+X2 Sue-meg State Park, CA, USA",24,641,112,50,1,1,1,1
41.13999999999977,-124.14999999999982,"4VQ2+X2 Big Lagoon, CA, USA",25,644,112,54,1,1,1,1
41.13999999999977,-124.13999999999982,"4VQ5+XX Big Lagoon, CA, USA",19,653,109,434,1,1,1,0
41.14999999999977,-124.15999999999984,"5R2R+22 Big Lagoon, CA, USA",23,646,116,56,1,1,1,1
41.14999999999977,-124.14999999999982,"5V22+22 Big Lagoon, CA, USA",24,642,125,423,1,1,1,0
41.14999999999977,-123.98999999999974,"5226+22 Westhaven-Moonstone, CA, USA",13,566,64,43,1,1,1,1
41.23999999999975,-123.65999999999956,"Bluff Creek Rd, California, USA",621,15900,4440,1225,0,2,2,2
41.26999999999975,-124.0999999999998,"7W92+X2 Orick, CA, USA",32,782,179,78,1,1,1,1
41.26999999999975,-124.0899999999998,"7W96+X2 Orick, CA, USA",37,791,182,110,1,1,1,1
41.26999999999975,-124.0799999999998,"942 Hiltons Rd, Orick, CA 95555, USA",63,898,217,111,2,1,1,1
41.27999999999975,-124.1099999999998,"7VJR+22 Orick, CA, USA",34,798,182,62,1,1,1,1
41.27999999999975,-124.0999999999998,"7WJ2+22 Orick, CA, USA",34,798,182,62,1,1,1,1
41.27999999999975,-124.0899999999998,"844 Hilton Rd, Orick, CA 95555, USA",38,814,188,85,1,1,1,1
41.27999999999975,-124.0799999999998,"7WJC+22 Orick, CA, USA",37,834,203,84,1,1,1,1
41.27999999999975,-124.06999999999978,"7WJJ+22 Orick, CA, USA",37,835,201,85,1,1,1,1
41.27999999999975,-124.05999999999976,"7WJR+22 Orick, CA, USA",37,841,203,75,1,1,1,1
41.27999999999975,-124.04999999999976,"7XJ2+22 Orick, CA, USA",37,904,218,141,1,1,1,1
41.27999999999975,-124.03999999999976,"7XJ6+22 Orick, CA, USA",37,917,222,140,1,1,1,1
41.28999999999974,-124.1099999999998,"7VQR+X2 Orick, CA, USA",35,805,184,56,1,1,1,1
41.28999999999974,-124.0999999999998,"7WQ2+X2 Orick, CA, USA",35,812,186,52,1,1,1,1
41.28999999999974,-124.0899999999998,"7WQ6+X2 Orick, CA, USA",42,892,213,142,1,1,1,1
41.28999999999974,-124.0799999999998,"7WQC+X2 Orick, CA, USA",35,825,199,74,1,1,1,1
41.28999999999974,-124.06999999999978,"7WQJ+X2 Orick, CA, USA",39,861,206,68,1,1,1,1
41.28999999999974,-124.05999999999976,"37 Hufford Rd, Orick, CA 95555, USA",37,852,204,58,1,1,1,1
41.28999999999974,-124.04999999999976,"7XQ2+X2 Orick, CA, USA",39,860,206,75,1,1,1,1
41.28999999999974,-124.03999999999976,"7XQ6+X2 Orick, CA, USA",40,930,228,118,1,1,1,1
